edge_id,from_lng,from_lat,to_lng,to_lat,length_m,z,building_id,travel_mode,travel_type,time_estimate_seconds,flags,transit_info,source,geometry_geojson,discovered_via
1894618,153.0124059,-27.4989556,153.0124115,-27.4989411,1.7,1.0,1000004,PEDESTRIAN,FOOT,2.159,[],,mazemap,"{""type"": ""LineString"", ""coordinates"": [[153.0124059, -27.4989556], [153.0124115, -27.4989411]]}",latlng_or_poiid_hc_false
1894620,153.01239,-27.4989517,153.0123959,-27.4989365,1.8,1.0,1000004,PEDESTRIAN,FOOT,2.286,[],,mazemap,"{""type"": ""LineString"", ""coordinates"": [[153.01239, -27.4989517], [153.0123959, -27.4989365]]}",latlng_or_poiid_hc_false
1894621,153.0123959,-27.4989365,153.0124198,-27.4988817,6.5,1.0,1000004,PEDESTRIAN,FOOT,16.51,"[""NO_HC"", ""STAIR""]",,mazemap,"{""type"": ""LineString"", ""coordinates"": [[153.0123959, -27.4989365], [153.0124198, -27.4988817]]}",latlng_or_poiid_hc_false
1894622,153.0124198,-27.4988817,153.0124114,-27.4988781,0.9,1.0,1000004,PEDESTRIAN,FOOT,1.143,[],,mazemap,"{""type"": ""LineString"", ""coordinates"": [[153.0124198, -27.4988817], [153.0124114, -27.4988781]]}",latlng_or_poiid_hc_false
1894624,153.0124398,-27.4988845,153.0124115,-27.4989411,6.9,1.0,1000004,PEDESTRIAN,FOOT,17.526,"[""NO_HC"", ""STAIR""]",,mazemap,"{""type"": ""LineString"", ""coordinates"": [[153.0124398, -27.4988845], [153.0124115, -27.4989411]]}",latlng_or_poiid_hc_false
1894625,153.0121624,-27.4988588,153.0121807,-27.4988656,2.0,1.0,1000004,PEDESTRIAN,FOOT,5.08,"[""NO_HC"", ""STAIR""]",,mazemap,"{""type"": ""LineString"", ""coordinates"": [[153.0121624, -27.4988588], [153.0121807, -27.4988656]]}",latlng_or_poiid_hc_false
1894626,153.0121807,-27.4988656,153.0121768,-27.4988743,1.0,1.0,1000004,PEDESTRIAN,FOOT,1.27,[],,mazemap,"{""type"": ""LineString"", ""coordinates"": [[153.0121807, -27.4988656], [153.0121768, -27.4988743]]}",latlng_or_poiid_hc_false
1894627,153.0121738,-27.4988809,153.0121807,-27.4988656,1.8,1.0,1000004,PEDESTRIAN,FOOT,2.286,[],,mazemap,"{""type"": ""LineString"", ""coordinates"": [[153.0121738, -27.4988809], [153.0121807, -27.4988656]]}",latlng_or_poiid_hc_false
1894628,153.0121301,-27.4988649,153.012156,-27.4988744,2.8,1.0,1000004,PEDESTRIAN,FOOT,7.111999999999999,"[""NO_HC"", ""STAIR""]",,mazemap,"{""type"": ""LineString"", ""coordinates"": [[153.0121301, -27.4988649], [153.012156, -27.4988744]]}",latlng_or_poiid_hc_false
1898097,153.0121273,-27.4988463,153.0121624,-27.4988588,3.7,1.0,1000004,PEDESTRIAN,FOOT,4.699000000000001,[],,mazemap,"{""type"": ""LineString"", ""coordinates"": [[153.0121273, -27.4988463], [153.0121624, -27.4988588]]}",latlng_or_poiid_hc_false
1907907,153.0122891,-27.4988383,153.012279,-27.4988347,1.1,1.0,1000004,PEDESTRIAN,FOOT,1.3970000000000002,[],,mazemap,"{""type"": ""LineString"", ""coordinates"": [[153.0122891, -27.4988383], [153.012279, -27.4988347]]}",latlng_or_poiid_hc_false
1907909,153.0123176,-27.4988486,153.0122891,-27.4988383,3.0,1.0,1000004,PEDESTRIAN,FOOT,3.81,[],,mazemap,"{""type"": ""LineString"", ""coordinates"": [[153.0123176, -27.4988486], [153.0122891, -27.4988383]]}",latlng_or_poiid_hc_false
1907917,153.0123041,-27.498878,153.0123176,-27.4988486,3.5,1.0,1000004,PEDESTRIAN,FOOT,4.445,[],,mazemap,"{""type"": ""LineString"", ""coordinates"": [[153.0123041, -27.498878], [153.0123176, -27.4988486]]}",latlng_or_poiid_hc_false
1907921,153.012279,-27.4988347,153.0121469,-27.498787,14.1,1.0,1000004,PEDESTRIAN,FOOT,17.907,[],,mazemap,"{""type"": ""LineString"", ""coordinates"": [[153.012279, -27.4988347], [153.0121469, -27.498787]]}",latlng_or_poiid_hc_false
1907924,153.0122656,-27.4988638,153.012279,-27.4988347,3.5,1.0,1000004,PEDESTRIAN,FOOT,4.445,[],,mazemap,"{""type"": ""LineString"", ""coordinates"": [[153.0122656, -27.4988638], [153.012279, -27.4988347]]}",latlng_or_poiid_hc_false
1907928,153.0121219,-27.4988443,153.0121143,-27.498861,2.0,1.0,1000004,PEDESTRIAN,FOOT,2.54,[],,mazemap,"{""type"": ""LineString"", ""coordinates"": [[153.0121219, -27.4988443], [153.0121143, -27.498861]]}",latlng_or_poiid_hc_false
1907933,153.0121292,-27.4988284,153.0121219,-27.4988443,1.9,1.0,1000004,PEDESTRIAN,FOOT,2.413,[],,mazemap,"{""type"": ""LineString"", ""coordinates"": [[153.0121292, -27.4988284], [153.0121219, -27.4988443]]}",latlng_or_poiid_hc_false
1907939,153.0121035,-27.4988191,153.0121292,-27.4988284,2.7,1.0,1000004,PEDESTRIAN,FOOT,3.4290000000000003,[],,mazemap,"{""type"": ""LineString"", ""coordinates"": [[153.0121035, -27.4988191], [153.0121292, -27.4988284]]}",latlng_or_poiid_hc_false
1907940,153.0121143,-27.498861,153.0121098,-27.4988708,1.2,1.0,1000004,PEDESTRIAN,FOOT,1.524,[],,mazemap,"{""type"": ""LineString"", ""coordinates"": [[153.0121143, -27.498861], [153.0121098, -27.4988708]]}",latlng_or_poiid_hc_false
1907944,153.0121098,-27.4988708,153.0120948,-27.4988654,1.6,1.0,1000004,PEDESTRIAN,FOOT,2.032,[],,mazemap,"{""type"": ""LineString"", ""coordinates"": [[153.0121098, -27.4988708], [153.0120948, -27.4988654]]}",latlng_or_poiid_hc_false
1907950,153.0120948,-27.4988654,153.0121098,-27.4988708,1.6,1.0,1000004,PEDESTRIAN,FOOT,2.032,[],,mazemap,"{""type"": ""LineString"", ""coordinates"": [[153.0120948, -27.4988654], [153.0121098, -27.4988708]]}",latlng_or_poiid_hc_false
1907955,153.0121379,-27.4987837,153.0121177,-27.4987764,2.2,1.0,1000004,PEDESTRIAN,FOOT,2.7940000000000005,[],,mazemap,"{""type"": ""LineString"", ""coordinates"": [[153.0121379, -27.4987837], [153.0121177, -27.4987764]]}",latlng_or_poiid_hc_false
1907957,153.0121177,-27.4987764,153.0121054,-27.4988033,3.2,1.0,1000004,PEDESTRIAN,FOOT,4.064,[],,mazemap,"{""type"": ""LineString"", ""coordinates"": [[153.0121177, -27.4987764], [153.0121054, -27.4988033]]}",latlng_or_poiid_hc_false
1911739,153.0120958,-27.4989017,153.0121098,-27.4988708,3.7,1.0,1000004,PEDESTRIAN,FOOT,4.699000000000001,[],,mazemap,"{""type"": ""LineString"", ""coordinates"": [[153.0120958, -27.4989017], [153.0121098, -27.4988708]]}",poiid_hc_true
2530918,153.012362,-27.4988646,153.0123176,-27.4988486,4.7,1.0,1000004,PEDESTRIAN,FOOT,5.969,[],,mazemap,"{""type"": ""LineString"", ""coordinates"": [[153.012362, -27.4988646], [153.0123176, -27.4988486]]}",latlng_or_poiid_hc_false
2530919,153.0124114,-27.4988781,153.012362,-27.4988646,5.1,1.0,1000004,PEDESTRIAN,FOOT,6.476999999999999,[],,mazemap,"{""type"": ""LineString"", ""coordinates"": [[153.0124114, -27.4988781], [153.012362, -27.4988646]]}",latlng_or_poiid_hc_false
3723996,153.0121469,-27.498787,153.0121292,-27.4988284,4.9,1.0,1000004,PEDESTRIAN,FOOT,6.223000000000001,[],,mazemap,"{""type"": ""LineString"", ""coordinates"": [[153.0121469, -27.498787], [153.0121292, -27.4988284]]}",latlng_or_poiid_hc_false
1892890,153.0121466,-27.4988263,153.0121391,-27.4988236,0.8,2.0,1000004,PEDESTRIAN,FOOT,1.016,[],,mazemap,"{""type"": ""LineString"", ""coordinates"": [[153.0121466, -27.4988263], [153.0121391, -27.4988236]]}",latlng_or_poiid_hc_false
1892892,153.0118217,-27.4987138,153.0118178,-27.4987222,1.0,2.0,1000004,PEDESTRIAN,FOOT,1.27,[],,mazemap,"{""type"": ""LineString"", ""coordinates"": [[153.0118217, -27.4987138], [153.0118178, -27.4987222]]}",latlng_or_poiid_hc_false
1892893,153.0118178,-27.4987222,153.0118217,-27.4987138,1.0,2.0,1000004,PEDESTRIAN,FOOT,1.27,[],,mazemap,"{""type"": ""LineString"", ""coordinates"": [[153.0118178, -27.4987222], [153.0118217, -27.4987138]]}",latlng_or_poiid_hc_false
1895158,153.0118593,-27.4986785,153.0118701,-27.4986827,1.2,2.0,1000004,PEDESTRIAN,FOOT,1.524,[],,mazemap,"{""type"": ""LineString"", ""coordinates"": [[153.0118593, -27.4986785], [153.0118701, -27.4986827]]}",latlng_or_poiid_hc_false
1895378,153.0118425,-27.4987135,153.0118593,-27.4986785,4.2,2.0,1000004,PEDESTRIAN,FOOT,10.668000000000001,"[""NO_HC"", ""STAIR""]",,mazemap,"{""type"": ""LineString"", ""coordinates"": [[153.0118425, -27.4987135], [153.0118593, -27.4986785]]}",latlng_or_poiid_hc_false
1898098,153.0121378,-27.4987847,153.0121332,-27.4987946,1.2,2.0,1000004,PEDESTRIAN,FOOT,1.524,[],,mazemap,"{""type"": ""LineString"", ""coordinates"": [[153.0121378, -27.4987847], [153.0121332, -27.4987946]]}",latlng_or_poiid_hc_false
1898104,153.0121137,-27.4988409,153.0121136,-27.4988413,0.0,2.0,1000004,PEDESTRIAN,FOOT,0.0,[],,mazemap,"{""type"": ""LineString"", ""coordinates"": [[153.0121137, -27.4988409], [153.0121136, -27.4988413]]}",latlng_or_poiid_hc_false
1898105,153.012096,-27.4988054,153.0121239,-27.4988155,3.0,2.0,1000004,PEDESTRIAN,FOOT,3.81,[],,mazemap,"{""type"": ""LineString"", ""coordinates"": [[153.012096, -27.4988054], [153.0121239, -27.4988155]]}",latlng_or_poiid_hc_false
1898110,153.0120354,-27.4987436,153.0120663,-27.4987548,3.3,2.0,1000004,PEDESTRIAN,FOOT,4.191,[],,mazemap,"{""type"": ""LineString"", ""coordinates"": [[153.0120354, -27.4987436], [153.0120663, -27.4987548]]}",latlng_or_poiid_hc_false
1898111,153.0120829,-27.4987187,153.0120663,-27.4987548,4.3,2.0,1000004,PEDESTRIAN,FOOT,5.460999999999999,[],,mazemap,"{""type"": ""LineString"", ""coordinates"": [[153.0120829, -27.4987187], [153.0120663, -27.4987548]]}",latlng_or_poiid_hc_false
1898113,153.0119808,-27.4987238,153.0119983,-27.4987301,1.9,2.0,1000004,PEDESTRIAN,FOOT,2.413,[],,mazemap,"{""type"": ""LineString"", ""coordinates"": [[153.0119808, -27.4987238], [153.0119983, -27.4987301]]}",latlng_or_poiid_hc_false
1898114,153.0119386,-27.4987085,153.0119808,-27.4987238,4.5,2.0,1000004,PEDESTRIAN,FOOT,5.715,[],,mazemap,"{""type"": ""LineString"", ""coordinates"": [[153.0119386, -27.4987085], [153.0119808, -27.4987238]]}",latlng_or_poiid_hc_false
1898115,153.0119097,-27.498698,153.0119386,-27.4987085,3.1,2.0,1000004,PEDESTRIAN,FOOT,3.9370000000000003,[],,mazemap,"{""type"": ""LineString"", ""coordinates"": [[153.0119097, -27.498698], [153.0119386, -27.4987085]]}",latlng_or_poiid_hc_false
1898116,153.011925,-27.4987378,153.0119386,-27.4987085,3.5,2.0,1000004,PEDESTRIAN,FOOT,4.445,[],,mazemap,"{""type"": ""LineString"", ""coordinates"": [[153.011925, -27.4987378], [153.0119386, -27.4987085]]}",latlng_or_poiid_hc_false
1898117,153.0119983,-27.4987301,153.0120354,-27.4987436,4.0,2.0,1000004,PEDESTRIAN,FOOT,5.08,[],,mazemap,"{""type"": ""LineString"", ""coordinates"": [[153.0119983, -27.4987301], [153.0120354, -27.4987436]]}",latlng_or_poiid_hc_false
1898118,153.0120218,-27.4987733,153.0120354,-27.4987436,3.6,2.0,1000004,PEDESTRIAN,FOOT,4.572,[],,mazemap,"{""type"": ""LineString"", ""coordinates"": [[153.0120218, -27.4987733], [153.0120354, -27.4987436]]}",latlng_or_poiid_hc_false
1898119,153.0119672,-27.4987532,153.0119808,-27.4987238,3.5,2.0,1000004,PEDESTRIAN,FOOT,4.445,[],,mazemap,"{""type"": ""LineString"", ""coordinates"": [[153.0119672, -27.4987532], [153.0119808, -27.4987238]]}",latlng_or_poiid_hc_false
1898120,153.0119847,-27.4987597,153.0119983,-27.4987301,3.6,2.0,1000004,PEDESTRIAN,FOOT,4.572,[],,mazemap,"{""type"": ""LineString"", ""coordinates"": [[153.0119847, -27.4987597], [153.0119983, -27.4987301]]}",latlng_or_poiid_hc_false
1898121,153.0118776,-27.498721,153.0118913,-27.4986913,3.6,2.0,1000004,PEDESTRIAN,FOOT,4.572,[],,mazemap,"{""type"": ""LineString"", ""coordinates"": [[153.0118776, -27.498721], [153.0118913, -27.4986913]]}",latlng_or_poiid_hc_false
1898378,153.0118962,-27.4987273,153.0119097,-27.498698,3.5,2.0,1000004,PEDESTRIAN,FOOT,4.445,[],,mazemap,"{""type"": ""LineString"", ""coordinates"": [[153.0118962, -27.4987273], [153.0119097, -27.498698]]}",latlng_or_poiid_hc_false
1898412,153.0120836,-27.4988476,153.0121068,-27.498856,2.5,2.0,1000004,PEDESTRIAN,FOOT,3.175,[],,mazemap,"{""type"": ""LineString"", ""coordinates"": [[153.0120836, -27.4988476], [153.0121068, -27.498856]]}",latlng_or_poiid_hc_false
1898416,153.0118882,-27.4986681,153.0118838,-27.4986776,1.1,2.0,1000004,PEDESTRIAN,FOOT,1.3970000000000002,[],,mazemap,"{""type"": ""LineString"", ""coordinates"": [[153.0118882, -27.4986681], [153.0118838, -27.4986776]]}",latlng_or_poiid_hc_false
1898428,153.0121136,-27.4988413,153.0121297,-27.4988471,1.7,2.0,1000004,PEDESTRIAN,FOOT,2.159,[],,mazemap,"{""type"": ""LineString"", ""coordinates"": [[153.0121136, -27.4988413], [153.0121297, -27.4988471]]}",latlng_or_poiid_hc_false
1898438,153.0120589,-27.498821,153.0121137,-27.4988409,5.8,2.0,1000004,PEDESTRIAN,FOOT,7.366,[],,mazemap,"{""type"": ""LineString"", ""coordinates"": [[153.0120589, -27.498821], [153.0121137, -27.4988409]]}",latlng_or_poiid_hc_false
1898448,153.0124135,-27.498853,153.012403,-27.4988759,2.7,2.0,1000004,PEDESTRIAN,FOOT,3.4290000000000003,[],,mazemap,"{""type"": ""LineString"", ""coordinates"": [[153.0124135, -27.498853], [153.012403, -27.4988759]]}",latlng_or_poiid_hc_false
1904775,153.012403,-27.4988759,153.012357,-27.4988628,4.8,2.0,1000004,PEDESTRIAN,FOOT,6.096,[],,mazemap,"{""type"": ""LineString"", ""coordinates"": [[153.012403, -27.4988759], [153.012357, -27.4988628]]}",latlng_or_poiid_hc_false
1910637,153.0118701,-27.4986827,153.0118799,-27.4986858,1.0,2.0,1000004,PEDESTRIAN,FOOT,1.27,[],,mazemap,"{""type"": ""LineString"", ""coordinates"": [[153.0118701, -27.4986827], [153.0118799, -27.4986858]]}",latlng_or_poiid_hc_false
1910645,153.0118838,-27.4986776,153.0118882,-27.4986681,1.1,2.0,1000004,PEDESTRIAN,FOOT,1.3970000000000002,[],,mazemap,"{""type"": ""LineString"", ""coordinates"": [[153.0118838, -27.4986776], [153.0118882, -27.4986681]]}",latlng_or_poiid_hc_false
1910911,153.0118409,-27.4986729,153.0118253,-27.4987076,4.2,2.0,1000004,PEDESTRIAN,FOOT,10.668000000000001,"[""NO_HC"", ""STAIR""]",,mazemap,"{""type"": ""LineString"", ""coordinates"": [[153.0118409, -27.4986729], [153.0118253, -27.4987076]]}",latlng_or_poiid_hc_false
1910914,153.0121132,-27.4987187,153.0121026,-27.4987433,2.9,2.0,1000004,PEDESTRIAN,FOOT,3.683,[],,mazemap,"{""type"": ""LineString"", ""coordinates"": [[153.0121132, -27.4987187], [153.0121026, -27.4987433]]}",latlng_or_poiid_hc_false
1910917,153.0121026,-27.4987433,153.0121132,-27.4987187,2.9,2.0,1000004,PEDESTRIAN,FOOT,3.683,[],,mazemap,"{""type"": ""LineString"", ""coordinates"": [[153.0121026, -27.4987433], [153.0121132, -27.4987187]]}",latlng_or_poiid_hc_false
1910921,153.0121086,-27.4987741,153.0121378,-27.4987847,3.1,2.0,1000004,PEDESTRIAN,FOOT,3.9370000000000003,[],,mazemap,"{""type"": ""LineString"", ""coordinates"": [[153.0121086, -27.4987741], [153.0121378, -27.4987847]]}",latlng_or_poiid_hc_false
1910932,153.0121239,-27.4988155,153.0121137,-27.4988409,3.0,2.0,1000004,PEDESTRIAN,FOOT,3.81,[],,mazemap,"{""type"": ""LineString"", ""coordinates"": [[153.0121239, -27.4988155], [153.0121137, -27.4988409]]}",latlng_or_poiid_hc_false
1910935,153.0121332,-27.4987946,153.0121239,-27.4988155,2.5,2.0,1000004,PEDESTRIAN,FOOT,3.175,[],,mazemap,"{""type"": ""LineString"", ""coordinates"": [[153.0121332, -27.4987946], [153.0121239, -27.4988155]]}",latlng_or_poiid_hc_false
1910938,153.0121391,-27.4988236,153.0121466,-27.4988263,0.8,2.0,1000004,PEDESTRIAN,FOOT,1.016,[],,mazemap,"{""type"": ""LineString"", ""coordinates"": [[153.0121391, -27.4988236], [153.0121466, -27.4988263]]}",latlng_or_poiid_hc_false
2501741,153.0121697,-27.498752,153.0121752,-27.4987371,1.7,2.0,1000004,PEDESTRIAN,FOOT,2.159,[],,mazemap,"{""type"": ""LineString"", ""coordinates"": [[153.0121697, -27.498752], [153.0121752, -27.4987371]]}",latlng_or_poiid_hc_false
2501742,153.0121528,-27.4987886,153.0121821,-27.4987992,3.1,2.0,1000004,PEDESTRIAN,FOOT,3.9370000000000003,[],,mazemap,"{""type"": ""LineString"", ""coordinates"": [[153.0121528, -27.4987886], [153.0121821, -27.4987992]]}",latlng_or_poiid_hc_false
2501743,153.0121435,-27.4987425,153.0121697,-27.498752,2.8,2.0,1000004,PEDESTRIAN,FOOT,3.5559999999999996,[],,mazemap,"{""type"": ""LineString"", ""coordinates"": [[153.0121435, -27.4987425], [153.0121697, -27.498752]]}",latlng_or_poiid_hc_false
2501744,153.0121821,-27.4987992,153.0122208,-27.4988132,4.1,2.0,1000004,PEDESTRIAN,FOOT,5.207,[],,mazemap,"{""type"": ""LineString"", ""coordinates"": [[153.0121821, -27.4987992], [153.0122208, -27.4988132]]}",latlng_or_poiid_hc_false
2501745,153.0122362,-27.4988188,153.0122745,-27.4988348,4.2,2.0,1000004,PEDESTRIAN,FOOT,5.3340000000000005,[],,mazemap,"{""type"": ""LineString"", ""coordinates"": [[153.0122362, -27.4988188], [153.0122745, -27.4988348]]}",latlng_or_poiid_hc_false
2501746,153.0122229,-27.4988478,153.0122362,-27.4988188,3.5,2.0,1000004,PEDESTRIAN,FOOT,4.445,[],,mazemap,"{""type"": ""LineString"", ""coordinates"": [[153.0122229, -27.4988478], [153.0122362, -27.4988188]]}",latlng_or_poiid_hc_false
2501747,153.0123004,-27.4987918,153.0123049,-27.4987934,0.5,2.0,1000004,PEDESTRIAN,FOOT,0.635,[],,mazemap,"{""type"": ""LineString"", ""coordinates"": [[153.0123004, -27.4987918], [153.0123049, -27.4987934]]}",latlng_or_poiid_hc_false
2501750,153.0122208,-27.4988132,153.0122362,-27.4988188,1.6,2.0,1000004,PEDESTRIAN,FOOT,2.032,[],,mazemap,"{""type"": ""LineString"", ""coordinates"": [[153.0122208, -27.4988132], [153.0122362, -27.4988188]]}",latlng_or_poiid_hc_false
2501751,153.0122084,-27.4988402,153.0122208,-27.4988132,3.2,2.0,1000004,PEDESTRIAN,FOOT,4.064,[],,mazemap,"{""type"": ""LineString"", ""coordinates"": [[153.0122084, -27.4988402], [153.0122208, -27.4988132]]}",latlng_or_poiid_hc_false
2501752,153.0124112,-27.4988263,153.0123818,-27.4988156,3.1,2.0,1000004,PEDESTRIAN,FOOT,3.9370000000000003,[],,mazemap,"{""type"": ""LineString"", ""coordinates"": [[153.0124112, -27.4988263], [153.0123818, -27.4988156]]}",latlng_or_poiid_hc_false
2501753,153.0123818,-27.4988156,153.0124112,-27.4988263,3.1,2.0,1000004,PEDESTRIAN,FOOT,3.9370000000000003,[],,mazemap,"{""type"": ""LineString"", ""coordinates"": [[153.0123818, -27.4988156], [153.0124112, -27.4988263]]}",latlng_or_poiid_hc_false
2501754,153.0123786,-27.4988226,153.0123542,-27.4988137,2.6,2.0,1000004,PEDESTRIAN,FOOT,3.302,[],,mazemap,"{""type"": ""LineString"", ""coordinates"": [[153.0123786, -27.4988226], [153.0123542, -27.4988137]]}",latlng_or_poiid_hc_false
2501755,153.0123542,-27.4988137,153.0123786,-27.4988226,2.6,2.0,1000004,PEDESTRIAN,FOOT,3.302,[],,mazemap,"{""type"": ""LineString"", ""coordinates"": [[153.0123542, -27.4988137], [153.0123786, -27.4988226]]}",latlng_or_poiid_hc_false
2501756,153.0121735,-27.4988174,153.0121641,-27.4988371,2.4,2.0,1000004,PEDESTRIAN,FOOT,3.048,[],,mazemap,"{""type"": ""LineString"", ""coordinates"": [[153.0121735, -27.4988174], [153.0121641, -27.4988371]]}",latlng_or_poiid_hc_false
2501757,153.0121641,-27.4988371,153.0121735,-27.4988174,2.4,2.0,1000004,PEDESTRIAN,FOOT,3.048,[],,mazemap,"{""type"": ""LineString"", ""coordinates"": [[153.0121641, -27.4988371], [153.0121735, -27.4988174]]}",latlng_or_poiid_hc_false
2501758,153.0120757,-27.4987913,153.0120929,-27.4987644,3.4,2.0,1000004,PEDESTRIAN,FOOT,4.318,[],,mazemap,"{""type"": ""LineString"", ""coordinates"": [[153.0120757, -27.4987913], [153.0120929, -27.4987644]]}",latlng_or_poiid_hc_false
2501759,153.0122745,-27.4988348,153.012294,-27.4988429,2.1,2.0,1000004,PEDESTRIAN,FOOT,2.6670000000000003,[],,mazemap,"{""type"": ""LineString"", ""coordinates"": [[153.0122745, -27.4988348], [153.012294, -27.4988429]]}",latlng_or_poiid_hc_false
2501760,153.0122597,-27.4988604,153.0122745,-27.4988348,3.2,2.0,1000004,PEDESTRIAN,FOOT,4.064,[],,mazemap,"{""type"": ""LineString"", ""coordinates"": [[153.0122597, -27.4988604], [153.0122745, -27.4988348]]}",latlng_or_poiid_hc_false
2501761,153.0123491,-27.4988341,153.0123409,-27.4988582,2.8,2.0,1000004,PEDESTRIAN,FOOT,3.5559999999999996,[],,mazemap,"{""type"": ""LineString"", ""coordinates"": [[153.0123491, -27.4988341], [153.0123409, -27.4988582]]}",latlng_or_poiid_hc_false
2501762,153.0123409,-27.4988582,153.0123491,-27.4988341,2.8,2.0,1000004,PEDESTRIAN,FOOT,3.5559999999999996,[],,mazemap,"{""type"": ""LineString"", ""coordinates"": [[153.0123409, -27.4988582], [153.0123491, -27.4988341]]}",latlng_or_poiid_hc_false
2501763,153.012294,-27.4988429,153.0123112,-27.4988497,1.9,2.0,1000004,PEDESTRIAN,FOOT,2.413,[],,mazemap,"{""type"": ""LineString"", ""coordinates"": [[153.012294, -27.4988429], [153.012309, -27.4988491], [153.0123112, -27.4988497]]}",latlng_or_poiid_hc_false
2501764,153.012284,-27.4988661,153.012294,-27.4988429,2.8,2.0,1000004,PEDESTRIAN,FOOT,3.5559999999999996,[],,mazemap,"{""type"": ""LineString"", ""coordinates"": [[153.012284, -27.4988661], [153.012294, -27.4988429]]}",latlng_or_poiid_hc_false
2501765,153.012357,-27.4988628,153.0123786,-27.4988226,5.0,2.0,1000004,PEDESTRIAN,FOOT,6.35,[],,mazemap,"{""type"": ""LineString"", ""coordinates"": [[153.012357, -27.4988628], [153.0123786, -27.4988226]]}",latlng_or_poiid_hc_false
2501766,153.0123473,-27.4988904,153.012357,-27.4988628,3.2,2.0,1000004,PEDESTRIAN,FOOT,4.064,[],,mazemap,"{""type"": ""LineString"", ""coordinates"": [[153.0123473, -27.4988904], [153.012357, -27.4988628]]}",latlng_or_poiid_hc_false
2501767,153.0121336,-27.4988886,153.0120965,-27.4988783,3.8,2.0,1000004,PEDESTRIAN,FOOT,4.826,[],,mazemap,"{""type"": ""LineString"", ""coordinates"": [[153.0121336, -27.4988886], [153.0120965, -27.4988783]]}",latlng_or_poiid_hc_false
2501768,153.0120544,-27.4988656,153.0120965,-27.4988783,4.4,2.0,1000004,PEDESTRIAN,FOOT,5.588000000000001,[],,mazemap,"{""type"": ""LineString"", ""coordinates"": [[153.0120544, -27.4988656], [153.0120965, -27.4988783]]}",latlng_or_poiid_hc_false
2502065,153.0120726,-27.4989278,153.0120965,-27.4988783,6.0,2.0,1000004,PEDESTRIAN,FOOT,7.62,"[""SLIGHTLY_DISCOURAGE_ST"", ""SLIGHTLY_DISCOURAGE_TS""]",,mazemap,"{""type"": ""LineString"", ""coordinates"": [[153.0120726, -27.4989278], [153.0120965, -27.4988783]]}",poiid_hc_true
2529510,153.0124168,-27.4988814,153.012403,-27.4988759,1.5,2.0,1000004,PEDESTRIAN,FOOT,1.905,[],,mazemap,"{""type"": ""LineString"", ""coordinates"": [[153.0124168, -27.4988814], [153.012403, -27.4988759]]}",latlng_or_poiid_hc_false
2530920,153.0120663,-27.4987548,153.0120929,-27.4987644,2.8,2.0,1000004,PEDESTRIAN,FOOT,3.5559999999999996,[],,mazemap,"{""type"": ""LineString"", ""coordinates"": [[153.0120663, -27.4987548], [153.0120929, -27.4987644]]}",latlng_or_poiid_hc_false
2530921,153.0120929,-27.4987644,153.0121086,-27.4987741,1.9,2.0,1000004,PEDESTRIAN,FOOT,2.413,[],,mazemap,"{""type"": ""LineString"", ""coordinates"": [[153.0120929, -27.4987644], [153.0121086, -27.4987741]]}",latlng_or_poiid_hc_false
2530922,153.0118913,-27.4986913,153.0119097,-27.498698,2.0,2.0,1000004,PEDESTRIAN,FOOT,2.54,[],,mazemap,"{""type"": ""LineString"", ""coordinates"": [[153.0118913, -27.4986913], [153.0119097, -27.498698]]}",latlng_or_poiid_hc_false
2530923,153.0121068,-27.498856,153.0120965,-27.4988783,2.7,2.0,1000004,PEDESTRIAN,FOOT,3.4290000000000003,[],,mazemap,"{""type"": ""LineString"", ""coordinates"": [[153.0121068, -27.498856], [153.0120965, -27.4988783]]}",latlng_or_poiid_hc_false
2530924,153.0121297,-27.4988471,153.0121373,-27.4988503,0.8,2.0,1000004,PEDESTRIAN,FOOT,1.016,[],,mazemap,"{""type"": ""LineString"", ""coordinates"": [[153.0121297, -27.4988471], [153.0121373, -27.4988503]]}",latlng_or_poiid_hc_false
2530925,153.0121373,-27.4988503,153.0121301,-27.4988649,1.8,2.0,1000004,PEDESTRIAN,FOOT,2.286,"[""NO_HC""]",,mazemap,"{""type"": ""LineString"", ""coordinates"": [[153.0121373, -27.4988503], [153.0121301, -27.4988649]]}",latlng_or_poiid_hc_false
2530926,153.0121303,-27.4988645,153.0121591,-27.4988582,8.6,2.0,1000004,PEDESTRIAN,FOOT,21.843999999999998,"[""NO_HC"", ""STAIR""]",,mazemap,"{""type"": ""LineString"", ""coordinates"": [[153.0121303, -27.4988645], [153.0121735, -27.4988802], [153.0121799, -27.4988657], [153.0121591, -27.4988582]]}",latlng_or_poiid_hc_false
2530927,153.0118799,-27.4986858,153.0118913,-27.4986913,1.3,2.0,1000004,PEDESTRIAN,FOOT,1.651,[],,mazemap,"{""type"": ""LineString"", ""coordinates"": [[153.0118799, -27.4986858], [153.0118913, -27.4986913]]}",latlng_or_poiid_hc_false
2530929,153.0118253,-27.4987076,153.0118425,-27.4987135,1.8,2.0,1000004,PEDESTRIAN,FOOT,2.286,[],,mazemap,"{""type"": ""LineString"", ""coordinates"": [[153.0118253, -27.4987076], [153.0118425, -27.4987135]]}",latlng_or_poiid_hc_false
2530930,153.0120965,-27.4988783,153.0121336,-27.4988886,3.8,2.0,1000004,PEDESTRIAN,FOOT,4.826,[],,mazemap,"{""type"": ""LineString"", ""coordinates"": [[153.0120965, -27.4988783], [153.0121336, -27.4988886]]}",latlng_or_poiid_hc_false
3723997,153.0123253,-27.4988178,153.0123125,-27.4988131,1.4,2.0,1000004,PEDESTRIAN,FOOT,1.7779999999999998,[],,mazemap,"{""type"": ""LineString"", ""coordinates"": [[153.0123253, -27.4988178], [153.0123125, -27.4988131]]}",latlng_or_poiid_hc_false
3723998,153.0123125,-27.4988131,153.0123253,-27.4988178,1.4,2.0,1000004,PEDESTRIAN,FOOT,1.7779999999999998,[],,mazemap,"{""type"": ""LineString"", ""coordinates"": [[153.0123125, -27.4988131], [153.0123253, -27.4988178]]}",latlng_or_poiid_hc_false
3723999,153.0123368,-27.4987961,153.0123253,-27.4988178,2.7,2.0,1000004,PEDESTRIAN,FOOT,3.4290000000000003,[],,mazemap,"{""type"": ""LineString"", ""coordinates"": [[153.0123368, -27.4987961], [153.0123253, -27.4988178]]}",latlng_or_poiid_hc_false
3724000,153.0123197,-27.49883,153.0123253,-27.4988178,1.5,2.0,1000004,PEDESTRIAN,FOOT,1.905,[],,mazemap,"{""type"": ""LineString"", ""coordinates"": [[153.0123197, -27.49883], [153.0123253, -27.4988178]]}",latlng_or_poiid_hc_false
3724001,153.0123043,-27.4988244,153.0123197,-27.49883,1.6,2.0,1000004,PEDESTRIAN,FOOT,2.032,[],,mazemap,"{""type"": ""LineString"", ""coordinates"": [[153.0123043, -27.4988244], [153.0123197, -27.49883]]}",latlng_or_poiid_hc_false
3724002,153.0123112,-27.4988497,153.0123197,-27.49883,2.3,2.0,1000004,PEDESTRIAN,FOOT,2.921,[],,mazemap,"{""type"": ""LineString"", ""coordinates"": [[153.0123112, -27.4988497], [153.0123197, -27.49883]]}",latlng_or_poiid_hc_false
3724003,153.0123049,-27.4987934,153.0123113,-27.4987749,2.1,2.0,1000004,PEDESTRIAN,FOOT,2.6670000000000003,[],,mazemap,"{""type"": ""LineString"", ""coordinates"": [[153.0123049, -27.4987934], [153.0123113, -27.4987749]]}",latlng_or_poiid_hc_false
3724005,153.0123113,-27.4987749,153.0123002,-27.4987709,1.2,2.0,1000004,PEDESTRIAN,FOOT,1.524,[],,mazemap,"{""type"": ""LineString"", ""coordinates"": [[153.0123113, -27.4987749], [153.0123002, -27.4987709]]}",latlng_or_poiid_hc_false
3724006,153.012179,-27.498727,153.012216,-27.4987404,3.9,2.0,1000004,PEDESTRIAN,FOOT,4.953,[],,mazemap,"{""type"": ""LineString"", ""coordinates"": [[153.012179, -27.498727], [153.012216, -27.4987404]]}",latlng_or_poiid_hc_false
3724007,153.0121546,-27.4987181,153.012179,-27.498727,2.6,2.0,1000004,PEDESTRIAN,FOOT,3.302,[],,mazemap,"{""type"": ""LineString"", ""coordinates"": [[153.0121546, -27.4987181], [153.012179, -27.498727]]}",latlng_or_poiid_hc_false
3724008,153.0121853,-27.4987134,153.012179,-27.498727,1.6,2.0,1000004,PEDESTRIAN,FOOT,2.032,[],,mazemap,"{""type"": ""LineString"", ""coordinates"": [[153.0121853, -27.4987134], [153.012179, -27.498727]]}",latlng_or_poiid_hc_false
3724009,153.0121752,-27.4987371,153.012179,-27.498727,1.2,2.0,1000004,PEDESTRIAN,FOOT,1.524,[],,mazemap,"{""type"": ""LineString"", ""coordinates"": [[153.0121752, -27.4987371], [153.012179, -27.498727]]}",latlng_or_poiid_hc_false
3724010,153.0121582,-27.4987305,153.0121752,-27.4987371,1.8,2.0,1000004,PEDESTRIAN,FOOT,2.286,[],,mazemap,"{""type"": ""LineString"", ""coordinates"": [[153.0121582, -27.4987305], [153.0121752, -27.4987371]]}",latlng_or_poiid_hc_false
3724011,153.012216,-27.4987404,153.0122427,-27.49875,2.8,2.0,1000004,PEDESTRIAN,FOOT,3.5559999999999996,[],,mazemap,"{""type"": ""LineString"", ""coordinates"": [[153.012216, -27.4987404], [153.0122427, -27.49875]]}",latlng_or_poiid_hc_false
3724012,153.0122237,-27.4987248,153.012216,-27.4987404,1.9,2.0,1000004,PEDESTRIAN,FOOT,2.413,[],,mazemap,"{""type"": ""LineString"", ""coordinates"": [[153.0122237, -27.4987248], [153.012216, -27.4987404]]}",latlng_or_poiid_hc_false
3724013,153.0122427,-27.49875,153.0122582,-27.4987557,1.7,2.0,1000004,PEDESTRIAN,FOOT,2.159,[],,mazemap,"{""type"": ""LineString"", ""coordinates"": [[153.0122427, -27.49875], [153.0122582, -27.4987557]]}",latlng_or_poiid_hc_false
3724014,153.0122492,-27.4987333,153.0122427,-27.49875,2.0,2.0,1000004,PEDESTRIAN,FOOT,2.54,[],,mazemap,"{""type"": ""LineString"", ""coordinates"": [[153.0122492, -27.4987333], [153.0122427, -27.49875]]}",latlng_or_poiid_hc_false
3724015,153.0122644,-27.4987579,153.0122712,-27.4987402,2.1,2.0,1000004,PEDESTRIAN,FOOT,2.6670000000000003,[],,mazemap,"{""type"": ""LineString"", ""coordinates"": [[153.0122644, -27.4987579], [153.0122712, -27.4987402]]}",latlng_or_poiid_hc_false
3724016,153.0122712,-27.4987402,153.0122644,-27.4987579,2.1,2.0,1000004,PEDESTRIAN,FOOT,2.6670000000000003,[],,mazemap,"{""type"": ""LineString"", ""coordinates"": [[153.0122712, -27.4987402], [153.0122644, -27.4987579]]}",latlng_or_poiid_hc_false
3724017,153.0123002,-27.4987709,153.0123082,-27.4987524,2.2,2.0,1000004,PEDESTRIAN,FOOT,2.7940000000000005,[],,mazemap,"{""type"": ""LineString"", ""coordinates"": [[153.0123002, -27.4987709], [153.0123082, -27.4987524]]}",latlng_or_poiid_hc_false
3724018,153.0123082,-27.4987524,153.0123002,-27.4987709,2.2,2.0,1000004,PEDESTRIAN,FOOT,2.7940000000000005,[],,mazemap,"{""type"": ""LineString"", ""coordinates"": [[153.0123082, -27.4987524], [153.0123002, -27.4987709]]}",latlng_or_poiid_hc_false
1890023,153.0123148,-27.4988473,153.0123249,-27.4988509,1.1,3.0,1000004,PEDESTRIAN,FOOT,1.3970000000000002,[],,mazemap,"{""type"": ""LineString"", ""coordinates"": [[153.0123148, -27.4988473], [153.0123249, -27.4988509]]}",latlng_or_poiid_hc_false
1890024,153.01231,-27.4988573,153.0123148,-27.4988473,1.2,3.0,1000004,PEDESTRIAN,FOOT,1.524,[],,mazemap,"{""type"": ""LineString"", ""coordinates"": [[153.01231, -27.4988573], [153.0123148, -27.4988473]]}",latlng_or_poiid_hc_false
1892914,153.0121915,-27.4987586,153.0121742,-27.4987962,4.5,3.0,1000004,PEDESTRIAN,FOOT,5.715,[],,mazemap,"{""type"": ""LineString"", ""coordinates"": [[153.0121915, -27.4987586], [153.0121742, -27.4987962]]}",latlng_or_poiid_hc_false
1892915,153.0121742,-27.4987962,153.0121785,-27.4987978,0.5,3.0,1000004,PEDESTRIAN,FOOT,0.635,[],,mazemap,"{""type"": ""LineString"", ""coordinates"": [[153.0121742, -27.4987962], [153.0121785, -27.4987978]]}",latlng_or_poiid_hc_false
1892916,153.0124194,-27.4988279,153.0124065,-27.4988559,3.4,3.0,1000004,PEDESTRIAN,FOOT,4.318,[],,mazemap,"{""type"": ""LineString"", ""coordinates"": [[153.0124194, -27.4988279], [153.0124065, -27.4988559]]}",latlng_or_poiid_hc_false
1893080,153.0121785,-27.4987978,153.0122058,-27.4988077,2.9,3.0,1000004,PEDESTRIAN,FOOT,3.683,[],,mazemap,"{""type"": ""LineString"", ""coordinates"": [[153.0121785, -27.4987978], [153.0122058, -27.4988077]]}",latlng_or_poiid_hc_false
1893083,153.012305,-27.4988437,153.0123148,-27.4988473,1.0,3.0,1000004,PEDESTRIAN,FOOT,1.27,[],,mazemap,"{""type"": ""LineString"", ""coordinates"": [[153.012305, -27.4988437], [153.0123148, -27.4988473]]}",latlng_or_poiid_hc_false
1893086,153.0122593,-27.4988271,153.012305,-27.4988437,4.9,3.0,1000004,PEDESTRIAN,FOOT,6.223000000000001,[],,mazemap,"{""type"": ""LineString"", ""coordinates"": [[153.0122593, -27.4988271], [153.012305, -27.4988437]]}",latlng_or_poiid_hc_false
1893094,153.0122958,-27.4988637,153.012305,-27.4988437,2.4,3.0,1000004,PEDESTRIAN,FOOT,3.048,[],,mazemap,"{""type"": ""LineString"", ""coordinates"": [[153.0122958, -27.4988637], [153.012305, -27.4988437]]}",latlng_or_poiid_hc_false
1893101,153.0123249,-27.4988509,153.0123126,-27.4988776,3.2,3.0,1000004,PEDESTRIAN,FOOT,4.064,[],,mazemap,"{""type"": ""LineString"", ""coordinates"": [[153.0123249, -27.4988509], [153.0123126, -27.4988776]]}",latlng_or_poiid_hc_false
1893103,153.0123126,-27.4988776,153.0123249,-27.4988509,3.2,3.0,1000004,PEDESTRIAN,FOOT,4.064,[],,mazemap,"{""type"": ""LineString"", ""coordinates"": [[153.0123126, -27.4988776], [153.0123249, -27.4988509]]}",latlng_or_poiid_hc_false
1893107,153.0123416,-27.4988909,153.012355,-27.4988618,3.5,3.0,1000004,PEDESTRIAN,FOOT,4.445,[],,mazemap,"{""type"": ""LineString"", ""coordinates"": [[153.0123416, -27.4988909], [153.012355, -27.4988618]]}",latlng_or_poiid_hc_false
1893109,153.0122113,-27.4988097,153.0122359,-27.4988186,2.6,3.0,1000004,PEDESTRIAN,FOOT,3.302,[],,mazemap,"{""type"": ""LineString"", ""coordinates"": [[153.0122113, -27.4988097], [153.0122359, -27.4988186]]}",latlng_or_poiid_hc_false
1893113,153.0122058,-27.4988077,153.0122113,-27.4988097,0.6,3.0,1000004,PEDESTRIAN,FOOT,0.762,[],,mazemap,"{""type"": ""LineString"", ""coordinates"": [[153.0122058, -27.4988077], [153.0122113, -27.4988097]]}",latlng_or_poiid_hc_false
1893115,153.0121922,-27.4988372,153.0122058,-27.4988077,3.5,3.0,1000004,PEDESTRIAN,FOOT,4.445,[],,mazemap,"{""type"": ""LineString"", ""coordinates"": [[153.0121922, -27.4988372], [153.0122058, -27.4988077]]}",latlng_or_poiid_hc_false
1893128,153.0122295,-27.4987702,153.0122113,-27.4988097,4.7,3.0,1000004,PEDESTRIAN,FOOT,5.969,[],,mazemap,"{""type"": ""LineString"", ""coordinates"": [[153.0122295, -27.4987702], [153.0122113, -27.4988097]]}",latlng_or_poiid_hc_false
1893130,153.0121648,-27.4988275,153.0121785,-27.4987978,3.6,3.0,1000004,PEDESTRIAN,FOOT,4.572,[],,mazemap,"{""type"": ""LineString"", ""coordinates"": [[153.0121648, -27.4988275], [153.0121785, -27.4987978]]}",latlng_or_poiid_hc_false
1893134,153.0121303,-27.4988015,153.0121289,-27.4988046,0.4,3.0,1000004,PEDESTRIAN,FOOT,0.508,[],,mazemap,"{""type"": ""LineString"", ""coordinates"": [[153.0121303, -27.4988015], [153.0121289, -27.4988046]]}",latlng_or_poiid_hc_false
1893136,153.0121289,-27.4988046,153.0121223,-27.4988189,1.7,3.0,1000004,PEDESTRIAN,FOOT,2.159,[],,mazemap,"{""type"": ""LineString"", ""coordinates"": [[153.0121289, -27.4988046], [153.0121223, -27.4988189]]}",latlng_or_poiid_hc_false
1893139,153.0121223,-27.4988189,153.0121167,-27.498831,1.4,3.0,1000004,PEDESTRIAN,FOOT,1.7779999999999998,[],,mazemap,"{""type"": ""LineString"", ""coordinates"": [[153.0121223, -27.4988189], [153.0121167, -27.498831]]}",latlng_or_poiid_hc_false
1893141,153.0121474,-27.4988114,153.0121289,-27.4988046,2.0,3.0,1000004,PEDESTRIAN,FOOT,2.54,[],,mazemap,"{""type"": ""LineString"", ""coordinates"": [[153.0121474, -27.4988114], [153.0121289, -27.4988046]]}",latlng_or_poiid_hc_false
1893145,153.0121101,-27.4987942,153.0121303,-27.4988015,2.2,3.0,1000004,PEDESTRIAN,FOOT,2.7940000000000005,[],,mazemap,"{""type"": ""LineString"", ""coordinates"": [[153.0121101, -27.4987942], [153.0121303, -27.4988015]]}",latlng_or_poiid_hc_false
1893147,153.0120873,-27.4987653,153.0121387,-27.4987834,5.5,3.0,1000004,PEDESTRIAN,FOOT,6.985,[],,mazemap,"{""type"": ""LineString"", ""coordinates"": [[153.0120873, -27.4987653], [153.0121387, -27.4987834]]}",latlng_or_poiid_hc_false
1893152,153.0121464,-27.4988277,153.0121223,-27.4988189,2.6,3.0,1000004,PEDESTRIAN,FOOT,3.302,[],,mazemap,"{""type"": ""LineString"", ""coordinates"": [[153.0121464, -27.4988277], [153.0121223, -27.4988189]]}",latlng_or_poiid_hc_false
1893154,153.0118896,-27.4986906,153.0119096,-27.4986978,2.1,3.0,1000004,PEDESTRIAN,FOOT,2.6670000000000003,[],,mazemap,"{""type"": ""LineString"", ""coordinates"": [[153.0118896, -27.4986906], [153.0119096, -27.4986978]]}",latlng_or_poiid_hc_false
1893362,153.0118765,-27.498719,153.0118896,-27.4986906,3.4,3.0,1000004,PEDESTRIAN,FOOT,4.318,[],,mazemap,"{""type"": ""LineString"", ""coordinates"": [[153.0118765, -27.498719], [153.0118896, -27.4986906]]}",latlng_or_poiid_hc_false
1893375,153.012096,-27.4987462,153.0120873,-27.4987653,2.3,3.0,1000004,PEDESTRIAN,FOOT,2.921,[],,mazemap,"{""type"": ""LineString"", ""coordinates"": [[153.012096, -27.4987462], [153.0120873, -27.4987653]]}",latlng_or_poiid_hc_false
1893382,153.0120941,-27.4987844,153.012062,-27.4987728,3.4,3.0,1000004,PEDESTRIAN,FOOT,4.318,[],,mazemap,"{""type"": ""LineString"", ""coordinates"": [[153.0120941, -27.4987844], [153.012062, -27.4987728]]}",latlng_or_poiid_hc_false
1893384,153.0120589,-27.4988206,153.0121125,-27.4988401,5.7,3.0,1000004,PEDESTRIAN,FOOT,7.239000000000001,[],,mazemap,"{""type"": ""LineString"", ""coordinates"": [[153.0120589, -27.4988206], [153.0121125, -27.4988401]]}",latlng_or_poiid_hc_false
1893389,153.012169,-27.4988977,153.0121392,-27.4988871,3.2,3.0,1000004,PEDESTRIAN,FOOT,4.064,[],,mazemap,"{""type"": ""LineString"", ""coordinates"": [[153.012169, -27.4988977], [153.0121392, -27.4988871]]}",latlng_or_poiid_hc_false
1893391,153.0121167,-27.498879,153.0121392,-27.4988871,2.4,3.0,1000004,PEDESTRIAN,FOOT,3.048,[],,mazemap,"{""type"": ""LineString"", ""coordinates"": [[153.0121167, -27.498879], [153.0121392, -27.4988871]]}",latlng_or_poiid_hc_false
1893418,153.0122109,-27.498733,153.0121867,-27.4987242,2.6,3.0,1000004,PEDESTRIAN,FOOT,3.302,[],,mazemap,"{""type"": ""LineString"", ""coordinates"": [[153.0122109, -27.498733], [153.0121867, -27.4987242]]}",latlng_or_poiid_hc_false
1893421,153.0121867,-27.4987242,153.0122109,-27.498733,2.6,3.0,1000004,PEDESTRIAN,FOOT,3.302,[],,mazemap,"{""type"": ""LineString"", ""coordinates"": [[153.0121867, -27.4987242], [153.0122109, -27.498733]]}",latlng_or_poiid_hc_false
1893424,153.0121747,-27.4987504,153.0121867,-27.4987242,3.1,3.0,1000004,PEDESTRIAN,FOOT,3.9370000000000003,[],,mazemap,"{""type"": ""LineString"", ""coordinates"": [[153.0121747, -27.4987504], [153.0121867, -27.4987242]]}",latlng_or_poiid_hc_false
1893426,153.0121559,-27.4987453,153.0121747,-27.4987504,1.9,3.0,1000004,PEDESTRIAN,FOOT,2.413,[],,mazemap,"{""type"": ""LineString"", ""coordinates"": [[153.0121559, -27.4987453], [153.0121747, -27.4987504]]}",latlng_or_poiid_hc_false
1893430,153.0118172,-27.4987221,153.0118212,-27.4987135,1.0,3.0,1000004,PEDESTRIAN,FOOT,1.27,[],,mazemap,"{""type"": ""LineString"", ""coordinates"": [[153.0118172, -27.4987221], [153.0118212, -27.4987135]]}",latlng_or_poiid_hc_false
1895380,153.0118699,-27.4986831,153.0118896,-27.4986906,2.1,3.0,1000004,PEDESTRIAN,FOOT,2.6670000000000003,[],,mazemap,"{""type"": ""LineString"", ""coordinates"": [[153.0118699, -27.4986831], [153.0118896, -27.4986906]]}",latlng_or_poiid_hc_false
1901476,153.0120793,-27.4989072,153.0120957,-27.4988763,3.8,3.0,1000004,PEDESTRIAN,FOOT,4.826,[],,mazemap,"{""type"": ""LineString"", ""coordinates"": [[153.0120793, -27.4989072], [153.0120957, -27.4988763]]}",latlng_or_poiid_hc_false
1904778,153.0121462,-27.4987734,153.0121559,-27.4987453,3.3,3.0,1000004,PEDESTRIAN,FOOT,4.191,[],,mazemap,"{""type"": ""LineString"", ""coordinates"": [[153.0121462, -27.4987734], [153.0121559, -27.4987453]]}",latlng_or_poiid_hc_false
1904780,153.0120838,-27.4988488,153.0121052,-27.498856,2.3,3.0,1000004,PEDESTRIAN,FOOT,2.921,[],,mazemap,"{""type"": ""LineString"", ""coordinates"": [[153.0120838, -27.4988488], [153.0121052, -27.498856]]}",latlng_or_poiid_hc_false
1904783,153.0121052,-27.498856,153.0120957,-27.4988763,2.4,3.0,1000004,PEDESTRIAN,FOOT,3.048,[],,mazemap,"{""type"": ""LineString"", ""coordinates"": [[153.0121052, -27.498856], [153.0120957, -27.4988763]]}",latlng_or_poiid_hc_false
1904785,153.0121127,-27.4988397,153.0121125,-27.4988401,0.0,3.0,1000004,PEDESTRIAN,FOOT,0.0,[],,mazemap,"{""type"": ""LineString"", ""coordinates"": [[153.0121127, -27.4988397], [153.0121125, -27.4988401]]}",latlng_or_poiid_hc_false
1904787,153.0121309,-27.4988463,153.0121127,-27.4988397,1.9,3.0,1000004,PEDESTRIAN,FOOT,2.413,[],,mazemap,"{""type"": ""LineString"", ""coordinates"": [[153.0121309, -27.4988463], [153.0121127, -27.4988397]]}",latlng_or_poiid_hc_false
1904795,153.0121167,-27.498831,153.0121127,-27.4988397,1.0,3.0,1000004,PEDESTRIAN,FOOT,1.27,[],,mazemap,"{""type"": ""LineString"", ""coordinates"": [[153.0121167, -27.498831], [153.0121127, -27.4988397]]}",latlng_or_poiid_hc_false
1904803,153.0120957,-27.4988763,153.0121151,-27.4988824,2.0,3.0,1000004,PEDESTRIAN,FOOT,2.54,[],,mazemap,"{""type"": ""LineString"", ""coordinates"": [[153.0120957, -27.4988763], [153.0121151, -27.4988824]]}",latlng_or_poiid_hc_false
1904807,153.0120957,-27.4988763,153.0120419,-27.4988577,5.7,3.0,1000004,PEDESTRIAN,FOOT,7.239000000000001,[],,mazemap,"{""type"": ""LineString"", ""coordinates"": [[153.0120957, -27.4988763], [153.0120419, -27.4988577]]}",latlng_or_poiid_hc_false
1904809,153.0120419,-27.4988577,153.0120957,-27.4988763,5.7,3.0,1000004,PEDESTRIAN,FOOT,7.239000000000001,[],,mazemap,"{""type"": ""LineString"", ""coordinates"": [[153.0120419, -27.4988577], [153.0120957, -27.4988763]]}",latlng_or_poiid_hc_false
1904811,153.0120957,-27.4988763,153.0120957,-27.4988763,0.0,3.0,1000004,PEDESTRIAN,FOOT,0.0,[],,mazemap,"{""type"": ""LineString"", ""coordinates"": [[153.0120957, -27.4988763], [153.0120957, -27.4988763]]}",latlng_or_poiid_hc_false
1908088,153.0120361,-27.4987437,153.0120697,-27.4987559,3.6,3.0,1000004,PEDESTRIAN,FOOT,4.572,[],,mazemap,"{""type"": ""LineString"", ""coordinates"": [[153.0120361, -27.4987437], [153.0120697, -27.4987559]]}",latlng_or_poiid_hc_false
1908092,153.012062,-27.4987728,153.0120941,-27.4987844,3.4,3.0,1000004,PEDESTRIAN,FOOT,4.318,[],,mazemap,"{""type"": ""LineString"", ""coordinates"": [[153.012062, -27.4987728], [153.0120941, -27.4987844]]}",latlng_or_poiid_hc_false
1908098,153.0119705,-27.4987199,153.0120033,-27.4987318,3.5,3.0,1000004,PEDESTRIAN,FOOT,4.445,[],,mazemap,"{""type"": ""LineString"", ""coordinates"": [[153.0119705, -27.4987199], [153.0120033, -27.4987318]]}",latlng_or_poiid_hc_false
1908100,153.0119361,-27.4987074,153.0119705,-27.4987199,3.7,3.0,1000004,PEDESTRIAN,FOOT,4.699000000000001,[],,mazemap,"{""type"": ""LineString"", ""coordinates"": [[153.0119361, -27.4987074], [153.0119705, -27.4987199]]}",latlng_or_poiid_hc_false
1908102,153.0119096,-27.4986978,153.0119361,-27.4987074,2.8,3.0,1000004,PEDESTRIAN,FOOT,3.5559999999999996,[],,mazemap,"{""type"": ""LineString"", ""coordinates"": [[153.0119096, -27.4986978], [153.0119361, -27.4987074]]}",latlng_or_poiid_hc_false
1908104,153.0119229,-27.4987362,153.0119361,-27.4987074,3.4,3.0,1000004,PEDESTRIAN,FOOT,4.318,[],,mazemap,"{""type"": ""LineString"", ""coordinates"": [[153.0119229, -27.4987362], [153.0119361, -27.4987074]]}",latlng_or_poiid_hc_false
1908106,153.0120033,-27.4987318,153.0120361,-27.4987437,3.5,3.0,1000004,PEDESTRIAN,FOOT,4.445,[],,mazemap,"{""type"": ""LineString"", ""coordinates"": [[153.0120033, -27.4987318], [153.0120361, -27.4987437]]}",latlng_or_poiid_hc_false
1908109,153.011956,-27.4987513,153.0119705,-27.4987199,3.8,3.0,1000004,PEDESTRIAN,FOOT,4.826,[],,mazemap,"{""type"": ""LineString"", ""coordinates"": [[153.011956, -27.4987513], [153.0119705, -27.4987199]]}",latlng_or_poiid_hc_false
1908110,153.0119888,-27.4987633,153.0120033,-27.4987318,3.8,3.0,1000004,PEDESTRIAN,FOOT,4.826,[],,mazemap,"{""type"": ""LineString"", ""coordinates"": [[153.0119888, -27.4987633], [153.0120033, -27.4987318]]}",latlng_or_poiid_hc_false
1908112,153.0120217,-27.498775,153.0120361,-27.4987437,3.8,3.0,1000004,PEDESTRIAN,FOOT,4.826,[],,mazemap,"{""type"": ""LineString"", ""coordinates"": [[153.0120217, -27.498775], [153.0120361, -27.4987437]]}",latlng_or_poiid_hc_false
1908113,153.0118966,-27.498726,153.0119096,-27.4986978,3.4,3.0,1000004,PEDESTRIAN,FOOT,4.318,[],,mazemap,"{""type"": ""LineString"", ""coordinates"": [[153.0118966, -27.498726], [153.0119096, -27.4986978]]}",latlng_or_poiid_hc_false
1910878,153.0118262,-27.4987056,153.0118439,-27.4987115,1.9,3.0,1000004,PEDESTRIAN,FOOT,2.413,[],,mazemap,"{""type"": ""LineString"", ""coordinates"": [[153.0118262, -27.4987056], [153.0118439, -27.4987115]]}",latlng_or_poiid_hc_false
1910880,153.0118411,-27.4986725,153.0118262,-27.4987056,4.0,3.0,1000004,PEDESTRIAN,FOOT,10.16,"[""NO_HC"", ""STAIR""]",,mazemap,"{""type"": ""LineString"", ""coordinates"": [[153.0118411, -27.4986725], [153.0118262, -27.4987056]]}",latlng_or_poiid_hc_false
1910884,153.0118212,-27.4987135,153.0118172,-27.4987221,1.0,3.0,1000004,PEDESTRIAN,FOOT,1.27,[],,mazemap,"{""type"": ""LineString"", ""coordinates"": [[153.0118212, -27.4987135], [153.0118172, -27.4987221]]}",latlng_or_poiid_hc_false
1910893,153.0118439,-27.4987115,153.0118582,-27.498679,3.9,3.0,1000004,PEDESTRIAN,FOOT,4.953,[],,mazemap,"{""type"": ""LineString"", ""coordinates"": [[153.0118439, -27.4987115], [153.0118582, -27.498679]]}",latlng_or_poiid_hc_false
1910899,153.0118582,-27.498679,153.0118699,-27.4986831,1.2,3.0,1000004,PEDESTRIAN,FOOT,1.524,[],,mazemap,"{""type"": ""LineString"", ""coordinates"": [[153.0118582, -27.498679], [153.0118699, -27.4986831]]}",latlng_or_poiid_hc_false
2501740,153.0123978,-27.4988757,153.0123843,-27.4989061,3.6,3.0,1000004,PEDESTRIAN,FOOT,4.572,[],,mazemap,"{""type"": ""LineString"", ""coordinates"": [[153.0123978, -27.4988757], [153.0123843, -27.4989061]]}",latlng_or_poiid_hc_false
2501769,153.0123843,-27.4989061,153.0123978,-27.4988757,3.6,3.0,1000004,PEDESTRIAN,FOOT,4.572,[],,mazemap,"{""type"": ""LineString"", ""coordinates"": [[153.0123843, -27.4989061], [153.0123978, -27.4988757]]}",latlng_or_poiid_hc_false
2501770,153.0122359,-27.4988186,153.0122509,-27.4988241,1.6,3.0,1000004,PEDESTRIAN,FOOT,2.032,[],,mazemap,"{""type"": ""LineString"", ""coordinates"": [[153.0122359, -27.4988186], [153.0122509, -27.4988241]]}",latlng_or_poiid_hc_false
2501771,153.012249,-27.4987975,153.012269,-27.4988061,2.2,3.0,1000004,PEDESTRIAN,FOOT,2.7940000000000005,[],,mazemap,"{""type"": ""LineString"", ""coordinates"": [[153.012249, -27.4987975], [153.012269, -27.4988061]]}",latlng_or_poiid_hc_false
2529513,153.0124231,-27.4988848,153.0123978,-27.4988757,2.7,3.0,1000004,PEDESTRIAN,FOOT,3.4290000000000003,[],,mazemap,"{""type"": ""LineString"", ""coordinates"": [[153.0124231, -27.4988848], [153.0123978, -27.4988757]]}",latlng_or_poiid_hc_false
2530931,153.0124065,-27.4988559,153.0124194,-27.4988279,3.4,3.0,1000004,PEDESTRIAN,FOOT,4.318,[],,mazemap,"{""type"": ""LineString"", ""coordinates"": [[153.0124065, -27.4988559], [153.0124194, -27.4988279]]}",latlng_or_poiid_hc_false
2530932,153.0121387,-27.4987834,153.0121303,-27.4988015,2.2,3.0,1000004,PEDESTRIAN,FOOT,2.7940000000000005,[],,mazemap,"{""type"": ""LineString"", ""coordinates"": [[153.0121387, -27.4987834], [153.0121303, -27.4988015]]}",latlng_or_poiid_hc_false
2530933,153.012269,-27.4988061,153.012249,-27.4987975,2.2,3.0,1000004,PEDESTRIAN,FOOT,2.7940000000000005,[],,mazemap,"{""type"": ""LineString"", ""coordinates"": [[153.012269, -27.4988061], [153.012249, -27.4987975]]}",latlng_or_poiid_hc_false
2530934,153.012355,-27.4988618,153.0123416,-27.4988909,3.5,3.0,1000004,PEDESTRIAN,FOOT,4.445,[],,mazemap,"{""type"": ""LineString"", ""coordinates"": [[153.012355, -27.4988618], [153.0123416, -27.4988909]]}",latlng_or_poiid_hc_false
2530935,153.0120697,-27.4987559,153.0120873,-27.4987653,2.0,3.0,1000004,PEDESTRIAN,FOOT,2.54,[],,mazemap,"{""type"": ""LineString"", ""coordinates"": [[153.0120697, -27.4987559], [153.0120873, -27.4987653]]}",latlng_or_poiid_hc_false
2530936,153.0122255,-27.4988382,153.0122359,-27.4988186,2.4,3.0,1000004,PEDESTRIAN,FOOT,3.048,[],,mazemap,"{""type"": ""LineString"", ""coordinates"": [[153.0122255, -27.4988382], [153.0122359, -27.4988186]]}",latlng_or_poiid_hc_false
2530937,153.0120781,-27.4987397,153.012096,-27.4987462,1.9,3.0,1000004,PEDESTRIAN,FOOT,2.413,[],,mazemap,"{""type"": ""LineString"", ""coordinates"": [[153.0120781, -27.4987397], [153.012096, -27.4987462]]}",latlng_or_poiid_hc_false
2530938,153.0121125,-27.4988401,153.0121052,-27.498856,1.9,3.0,1000004,PEDESTRIAN,FOOT,2.413,[],,mazemap,"{""type"": ""LineString"", ""coordinates"": [[153.0121125, -27.4988401], [153.0121052, -27.498856]]}",latlng_or_poiid_hc_false
2530940,153.0121151,-27.4988824,153.0121162,-27.4988801,0.3,3.0,1000004,PEDESTRIAN,FOOT,0.381,[],,mazemap,"{""type"": ""LineString"", ""coordinates"": [[153.0121151, -27.4988824], [153.0121162, -27.4988801]]}",latlng_or_poiid_hc_false
2530941,153.0121379,-27.498849,153.0121309,-27.4988463,0.8,3.0,1000004,PEDESTRIAN,FOOT,1.016,[],,mazemap,"{""type"": ""LineString"", ""coordinates"": [[153.0121379, -27.498849], [153.0121309, -27.4988463]]}",latlng_or_poiid_hc_false
2530942,153.0121308,-27.4988655,153.0121379,-27.498849,10.8,3.0,1000004,PEDESTRIAN,FOOT,27.432000000000002,"[""NO_HC"", ""STAIR""]",,mazemap,"{""type"": ""LineString"", ""coordinates"": [[153.0121308, -27.4988655], [153.0121728, -27.4988798], [153.0121798, -27.4988643], [153.0121379, -27.498849]]}",latlng_or_poiid_hc_false
3724019,153.0121392,-27.4988871,153.012169,-27.4988977,3.2,3.0,1000004,PEDESTRIAN,FOOT,4.064,[],,mazemap,"{""type"": ""LineString"", ""coordinates"": [[153.0121392, -27.4988871], [153.012169, -27.4988977]]}",latlng_or_poiid_hc_false
1893646,153.0120374,-27.4986847,153.0120581,-27.4986922,2.2,4.0,1000004,PEDESTRIAN,FOOT,2.7940000000000005,[],,mazemap,"{""type"": ""LineString"", ""coordinates"": [[153.0120374, -27.4986847], [153.0120581, -27.4986922]]}",latlng_or_poiid_hc_false
1893647,153.0120581,-27.4986922,153.0120374,-27.4986847,2.2,4.0,1000004,PEDESTRIAN,FOOT,2.7940000000000005,[],,mazemap,"{""type"": ""LineString"", ""coordinates"": [[153.0120581, -27.4986922], [153.0120374, -27.4986847]]}",latlng_or_poiid_hc_false
1893649,153.0120305,-27.4986997,153.0120374,-27.4986847,1.8,4.0,1000004,PEDESTRIAN,FOOT,2.286,[],,mazemap,"{""type"": ""LineString"", ""coordinates"": [[153.0120305, -27.4986997], [153.0120374, -27.4986847]]}",latlng_or_poiid_hc_false
1893650,153.0120217,-27.4987187,153.0120424,-27.4987262,2.2,4.0,1000004,PEDESTRIAN,FOOT,2.7940000000000005,[],,mazemap,"{""type"": ""LineString"", ""coordinates"": [[153.0120217, -27.4987187], [153.0120424, -27.4987262]]}",latlng_or_poiid_hc_false
1893651,153.0120424,-27.4987262,153.0120217,-27.4987187,2.2,4.0,1000004,PEDESTRIAN,FOOT,2.7940000000000005,[],,mazemap,"{""type"": ""LineString"", ""coordinates"": [[153.0120424, -27.4987262], [153.0120217, -27.4987187]]}",latlng_or_poiid_hc_false
1893652,153.0121126,-27.4987269,153.0120938,-27.4987676,4.9,4.0,1000004,PEDESTRIAN,FOOT,6.223000000000001,[],,mazemap,"{""type"": ""LineString"", ""coordinates"": [[153.0121126, -27.4987269], [153.0120938, -27.4987676]]}",latlng_or_poiid_hc_false
1893653,153.0122286,-27.4987714,153.0122108,-27.4988098,4.6,4.0,1000004,PEDESTRIAN,FOOT,5.842,[],,mazemap,"{""type"": ""LineString"", ""coordinates"": [[153.0122286, -27.4987714], [153.0122108, -27.4988098]]}",latlng_or_poiid_hc_false
1893656,153.0121512,-27.4987413,153.0121325,-27.4987817,4.8,4.0,1000004,PEDESTRIAN,FOOT,6.096,[],,mazemap,"{""type"": ""LineString"", ""coordinates"": [[153.0121512, -27.4987413], [153.0121325, -27.4987817]]}",latlng_or_poiid_hc_false
1893657,153.0121787,-27.4987276,153.0121605,-27.498721,1.9,4.0,1000004,PEDESTRIAN,FOOT,2.413,[],,mazemap,"{""type"": ""LineString"", ""coordinates"": [[153.0121787, -27.4987276], [153.0121605, -27.498721]]}",latlng_or_poiid_hc_false
1893658,153.0121934,-27.4987565,153.0121747,-27.498797,4.9,4.0,1000004,PEDESTRIAN,FOOT,6.223000000000001,[],,mazemap,"{""type"": ""LineString"", ""coordinates"": [[153.0121934, -27.4987565], [153.0121747, -27.498797]]}",latlng_or_poiid_hc_false
1893662,153.0121998,-27.4988282,153.0121728,-27.4988184,2.9,4.0,1000004,PEDESTRIAN,FOOT,3.683,[],,mazemap,"{""type"": ""LineString"", ""coordinates"": [[153.0121998, -27.4988282], [153.0121728, -27.4988184]]}",latlng_or_poiid_hc_false
1893663,153.0121437,-27.4988104,153.0121329,-27.4988066,1.1,4.0,1000004,PEDESTRIAN,FOOT,1.3970000000000002,[],,mazemap,"{""type"": ""LineString"", ""coordinates"": [[153.0121437, -27.4988104], [153.0121329, -27.4988066]]}",latlng_or_poiid_hc_false
1893666,153.0121456,-27.498828,153.0121263,-27.498821,2.1,4.0,1000004,PEDESTRIAN,FOOT,2.6670000000000003,[],,mazemap,"{""type"": ""LineString"", ""coordinates"": [[153.0121456, -27.498828], [153.0121263, -27.498821]]}",latlng_or_poiid_hc_false
1893669,153.0119631,-27.49872,153.0119752,-27.4987244,1.3,4.0,1000004,PEDESTRIAN,FOOT,1.651,[],,mazemap,"{""type"": ""LineString"", ""coordinates"": [[153.0119631, -27.49872], [153.0119752, -27.4987244]]}",latlng_or_poiid_hc_false
1893670,153.011951,-27.4987463,153.0119631,-27.49872,3.2,4.0,1000004,PEDESTRIAN,FOOT,4.064,[],,mazemap,"{""type"": ""LineString"", ""coordinates"": [[153.011951, -27.4987463], [153.0119631, -27.49872]]}",latlng_or_poiid_hc_false
1893671,153.0120798,-27.4987942,153.0120861,-27.4987805,1.6,4.0,1000004,PEDESTRIAN,FOOT,2.032,[],,mazemap,"{""type"": ""LineString"", ""coordinates"": [[153.0120798, -27.4987942], [153.0120861, -27.4987805]]}",latlng_or_poiid_hc_false
1893672,153.0120861,-27.4987805,153.0120798,-27.4987942,1.6,4.0,1000004,PEDESTRIAN,FOOT,2.032,[],,mazemap,"{""type"": ""LineString"", ""coordinates"": [[153.0120861, -27.4987805], [153.0120798, -27.4987942]]}",latlng_or_poiid_hc_false
1893673,153.0120009,-27.4987496,153.0120277,-27.4987593,2.9,4.0,1000004,PEDESTRIAN,FOOT,3.683,[],,mazemap,"{""type"": ""LineString"", ""coordinates"": [[153.0120009, -27.4987496], [153.0120277, -27.4987593]]}",latlng_or_poiid_hc_false
1893674,153.0120514,-27.4987073,153.0120305,-27.4986997,2.2,4.0,1000004,PEDESTRIAN,FOOT,2.7940000000000005,[],,mazemap,"{""type"": ""LineString"", ""coordinates"": [[153.0120514, -27.4987073], [153.0120305, -27.4986997]]}",latlng_or_poiid_hc_false
1893678,153.0120128,-27.4987381,153.012034,-27.4987457,2.3,4.0,1000004,PEDESTRIAN,FOOT,2.921,[],,mazemap,"{""type"": ""LineString"", ""coordinates"": [[153.0120128, -27.4987381], [153.012034, -27.4987457]]}",latlng_or_poiid_hc_false
1893872,153.0123423,-27.4988912,153.0123557,-27.4988622,3.5,4.0,1000004,PEDESTRIAN,FOOT,4.445,[],,mazemap,"{""type"": ""LineString"", ""coordinates"": [[153.0123423, -27.4988912], [153.0123557, -27.4988622]]}",latlng_or_poiid_hc_false
1893873,153.0123281,-27.4988856,153.0123413,-27.498857,3.4,4.0,1000004,PEDESTRIAN,FOOT,4.318,[],,mazemap,"{""type"": ""LineString"", ""coordinates"": [[153.0123281, -27.4988856], [153.0123413, -27.498857]]}",latlng_or_poiid_hc_false
1893874,153.0122129,-27.4988447,153.0122268,-27.4988154,3.5,4.0,1000004,PEDESTRIAN,FOOT,4.445,[],,mazemap,"{""type"": ""LineString"", ""coordinates"": [[153.0122129, -27.4988447], [153.0122268, -27.4988154]]}",latlng_or_poiid_hc_false
1893890,153.0118172,-27.4987221,153.0118211,-27.4987136,1.0,4.0,1000004,PEDESTRIAN,FOOT,1.27,[],,mazemap,"{""type"": ""LineString"", ""coordinates"": [[153.0118172, -27.4987221], [153.0118211, -27.4987136]]}",latlng_or_poiid_hc_false
1905154,153.0120793,-27.4987614,153.0120938,-27.4987676,1.6,4.0,1000004,PEDESTRIAN,FOOT,2.032,[],,mazemap,"{""type"": ""LineString"", ""coordinates"": [[153.0120793, -27.4987614], [153.0120938, -27.4987676]]}",latlng_or_poiid_hc_false
1905376,153.0121195,-27.4988005,153.0121329,-27.4988066,1.5,4.0,1000004,PEDESTRIAN,FOOT,1.905,[],,mazemap,"{""type"": ""LineString"", ""coordinates"": [[153.0121195, -27.4988005], [153.0121329, -27.4988066]]}",latlng_or_poiid_hc_false
1905390,153.0122216,-27.4988136,153.0122268,-27.4988154,0.5,4.0,1000004,PEDESTRIAN,FOOT,0.635,[],,mazemap,"{""type"": ""LineString"", ""coordinates"": [[153.0122216, -27.4988136], [153.0122268, -27.4988154]]}",latlng_or_poiid_hc_false
1905396,153.0122108,-27.4988098,153.0122286,-27.4987714,4.6,4.0,1000004,PEDESTRIAN,FOOT,5.842,[],,mazemap,"{""type"": ""LineString"", ""coordinates"": [[153.0122108, -27.4988098], [153.0122286, -27.4987714]]}",latlng_or_poiid_hc_false
1905400,153.0124175,-27.4988817,153.01241,-27.4988786,0.8,4.0,1000004,PEDESTRIAN,FOOT,1.016,[],,mazemap,"{""type"": ""LineString"", ""coordinates"": [[153.0124175, -27.4988817], [153.01241, -27.4988786]]}",latlng_or_poiid_hc_false
1905426,153.01241,-27.4988786,153.0123923,-27.4988738,1.8,4.0,1000004,PEDESTRIAN,FOOT,2.286,[],,mazemap,"{""type"": ""LineString"", ""coordinates"": [[153.01241, -27.4988786], [153.0123923, -27.4988738]]}",latlng_or_poiid_hc_false
1908114,153.0121325,-27.4987817,153.0121427,-27.4987854,1.1,4.0,1000004,PEDESTRIAN,FOOT,1.3970000000000002,[],,mazemap,"{""type"": ""LineString"", ""coordinates"": [[153.0121325, -27.4987817], [153.0121427, -27.4987854]]}",latlng_or_poiid_hc_false
1908115,153.0121427,-27.4987854,153.0121329,-27.4988066,2.5,4.0,1000004,PEDESTRIAN,FOOT,3.175,[],,mazemap,"{""type"": ""LineString"", ""coordinates"": [[153.0121427, -27.4987854], [153.0121329, -27.4988066]]}",latlng_or_poiid_hc_false
1908116,153.0121507,-27.4987883,153.0121747,-27.498797,2.6,4.0,1000004,PEDESTRIAN,FOOT,3.302,[],,mazemap,"{""type"": ""LineString"", ""coordinates"": [[153.0121507, -27.4987883], [153.0121747, -27.498797]]}",latlng_or_poiid_hc_false
1908117,153.0121329,-27.4988066,153.0121263,-27.498821,1.7,4.0,1000004,PEDESTRIAN,FOOT,2.159,[],,mazemap,"{""type"": ""LineString"", ""coordinates"": [[153.0121329, -27.4988066], [153.0121263, -27.498821]]}",latlng_or_poiid_hc_false
1908120,153.0121747,-27.498797,153.0121816,-27.4987995,0.7,4.0,1000004,PEDESTRIAN,FOOT,0.8889999999999999,[],,mazemap,"{""type"": ""LineString"", ""coordinates"": [[153.0121747, -27.498797], [153.0121816, -27.4987995]]}",latlng_or_poiid_hc_false
1908121,153.0121816,-27.4987995,153.0122107,-27.49881,3.1,4.0,1000004,PEDESTRIAN,FOOT,3.9370000000000003,[],,mazemap,"{""type"": ""LineString"", ""coordinates"": [[153.0121816, -27.4987995], [153.0122107, -27.49881]]}",latlng_or_poiid_hc_false
1908123,153.0121728,-27.4988184,153.0121998,-27.4988282,2.9,4.0,1000004,PEDESTRIAN,FOOT,3.683,[],,mazemap,"{""type"": ""LineString"", ""coordinates"": [[153.0121728, -27.4988184], [153.0121998, -27.4988282]]}",latlng_or_poiid_hc_false
1908126,153.0120587,-27.4988211,153.0121138,-27.4988411,5.9,4.0,1000004,PEDESTRIAN,FOOT,7.493,[],,mazemap,"{""type"": ""LineString"", ""coordinates"": [[153.0120587, -27.4988211], [153.0121138, -27.4988411]]}",latlng_or_poiid_hc_false
1908127,153.0121138,-27.4988411,153.0121137,-27.4988415,0.0,4.0,1000004,PEDESTRIAN,FOOT,0.0,[],,mazemap,"{""type"": ""LineString"", ""coordinates"": [[153.0121138, -27.4988411], [153.0121137, -27.4988415]]}",latlng_or_poiid_hc_false
1908233,153.012034,-27.4987457,153.0120494,-27.4987505,1.6,4.0,1000004,PEDESTRIAN,FOOT,2.032,[],,mazemap,"{""type"": ""LineString"", ""coordinates"": [[153.012034, -27.4987457], [153.0120494, -27.4987505]]}",latlng_or_poiid_hc_false
1908234,153.0120277,-27.4987593,153.0120009,-27.4987496,2.9,4.0,1000004,PEDESTRIAN,FOOT,3.683,[],,mazemap,"{""type"": ""LineString"", ""coordinates"": [[153.0120277, -27.4987593], [153.0120009, -27.4987496]]}",latlng_or_poiid_hc_false
1908238,153.0118999,-27.4986523,153.0119808,-27.4986816,8.6,4.0,1000004,PEDESTRIAN,FOOT,10.921999999999999,[],,mazemap,"{""type"": ""LineString"", ""coordinates"": [[153.0118999, -27.4986523], [153.0119808, -27.4986816]]}",latlng_or_poiid_hc_false
1908241,153.0119808,-27.4986816,153.0119929,-27.498686,1.3,4.0,1000004,PEDESTRIAN,FOOT,1.651,[],,mazemap,"{""type"": ""LineString"", ""coordinates"": [[153.0119808, -27.4986816], [153.0119929, -27.498686]]}",latlng_or_poiid_hc_false
1908243,153.0119929,-27.498686,153.0120305,-27.4986997,4.0,4.0,1000004,PEDESTRIAN,FOOT,5.08,[],,mazemap,"{""type"": ""LineString"", ""coordinates"": [[153.0119929, -27.498686], [153.0120305, -27.4986997]]}",latlng_or_poiid_hc_false
1908246,153.011972,-27.4987007,153.0119841,-27.4987051,1.3,4.0,1000004,PEDESTRIAN,FOOT,1.651,[],,mazemap,"{""type"": ""LineString"", ""coordinates"": [[153.011972, -27.4987007], [153.0119841, -27.4987051]]}",latlng_or_poiid_hc_false
1908250,153.0119097,-27.4986309,153.0118999,-27.4986523,2.6,4.0,1000004,PEDESTRIAN,FOOT,3.302,[],,mazemap,"{""type"": ""LineString"", ""coordinates"": [[153.0119097, -27.4986309], [153.0118999, -27.4986523]]}",latlng_or_poiid_hc_false
1908252,153.0119841,-27.4987051,153.0120217,-27.4987187,4.0,4.0,1000004,PEDESTRIAN,FOOT,5.08,[],,mazemap,"{""type"": ""LineString"", ""coordinates"": [[153.0119841, -27.4987051], [153.0120217, -27.4987187]]}",latlng_or_poiid_hc_false
1908256,153.012003,-27.4986641,153.0119929,-27.498686,2.6,4.0,1000004,PEDESTRIAN,FOOT,3.302,[],,mazemap,"{""type"": ""LineString"", ""coordinates"": [[153.012003, -27.4986641], [153.0119929, -27.498686]]}",latlng_or_poiid_hc_false
1908259,153.0118911,-27.4986713,153.0118999,-27.4986523,2.3,4.0,1000004,PEDESTRIAN,FOOT,2.921,[],,mazemap,"{""type"": ""LineString"", ""coordinates"": [[153.0118911, -27.4986713], [153.0118999, -27.4986523]]}",latlng_or_poiid_hc_false
1908262,153.0118835,-27.4986876,153.0118821,-27.4986907,0.4,4.0,1000004,PEDESTRIAN,FOOT,0.508,[],,mazemap,"{""type"": ""LineString"", ""coordinates"": [[153.0118835, -27.4986876], [153.0118821, -27.4986907]]}",latlng_or_poiid_hc_false
1908265,153.0119752,-27.4987244,153.0120128,-27.4987381,4.0,4.0,1000004,PEDESTRIAN,FOOT,5.08,[],,mazemap,"{""type"": ""LineString"", ""coordinates"": [[153.0119752, -27.4987244], [153.0120128, -27.4987381]]}",latlng_or_poiid_hc_false
1908267,153.0118699,-27.4986827,153.0118835,-27.4986876,1.4,4.0,1000004,PEDESTRIAN,FOOT,1.7779999999999998,[],,mazemap,"{""type"": ""LineString"", ""coordinates"": [[153.0118699, -27.4986827], [153.0118835, -27.4986876]]}",latlng_or_poiid_hc_false
1908272,153.0118821,-27.4986907,153.0119631,-27.49872,8.6,4.0,1000004,PEDESTRIAN,FOOT,10.921999999999999,[],,mazemap,"{""type"": ""LineString"", ""coordinates"": [[153.0118821, -27.4986907], [153.0119631, -27.49872]]}",latlng_or_poiid_hc_false
1908275,153.0123413,-27.498857,153.0123557,-27.4988622,1.5,4.0,1000004,PEDESTRIAN,FOOT,1.905,[],,mazemap,"{""type"": ""LineString"", ""coordinates"": [[153.0123413, -27.498857], [153.0123557, -27.4988622]]}",latlng_or_poiid_hc_false
1908276,153.0122479,-27.4988231,153.0123413,-27.498857,9.9,4.0,1000004,PEDESTRIAN,FOOT,12.573,[],,mazemap,"{""type"": ""LineString"", ""coordinates"": [[153.0122479, -27.4988231], [153.0123413, -27.498857]]}",latlng_or_poiid_hc_false
1908280,153.0122268,-27.4988154,153.0122191,-27.4988317,2.0,4.0,1000004,PEDESTRIAN,FOOT,2.54,[],,mazemap,"{""type"": ""LineString"", ""coordinates"": [[153.0122268, -27.4988154], [153.0122191, -27.4988317]]}",latlng_or_poiid_hc_false
1908282,153.0122406,-27.498839,153.0122479,-27.4988231,1.9,4.0,1000004,PEDESTRIAN,FOOT,2.413,[],,mazemap,"{""type"": ""LineString"", ""coordinates"": [[153.0122406, -27.498839], [153.0122479, -27.4988231]]}",latlng_or_poiid_hc_false
1908289,153.0120416,-27.4988582,153.0120971,-27.4988774,5.9,4.0,1000004,PEDESTRIAN,FOOT,7.493,[],,mazemap,"{""type"": ""LineString"", ""coordinates"": [[153.0120416, -27.4988582], [153.0120971, -27.4988774]]}",latlng_or_poiid_hc_false
1908292,153.0121137,-27.4988415,153.0121302,-27.4988475,1.8,4.0,1000004,PEDESTRIAN,FOOT,2.286,[],,mazemap,"{""type"": ""LineString"", ""coordinates"": [[153.0121137, -27.4988415], [153.0121302, -27.4988475]]}",latlng_or_poiid_hc_false
1908302,153.0120836,-27.4988475,153.012107,-27.498856,2.5,4.0,1000004,PEDESTRIAN,FOOT,3.175,[],,mazemap,"{""type"": ""LineString"", ""coordinates"": [[153.0120836, -27.4988475], [153.012107, -27.498856]]}",latlng_or_poiid_hc_false
1910665,153.0118268,-27.4987057,153.0118439,-27.4987117,1.8,4.0,1000004,PEDESTRIAN,FOOT,2.286,[],,mazemap,"{""type"": ""LineString"", ""coordinates"": [[153.0118268, -27.4987057], [153.0118439, -27.4987117]]}",latlng_or_poiid_hc_false
1910689,153.0118439,-27.4987117,153.0118586,-27.4986787,3.9,4.0,1000004,PEDESTRIAN,FOOT,9.906,"[""NO_HC"", ""STAIR""]",,mazemap,"{""type"": ""LineString"", ""coordinates"": [[153.0118439, -27.4987117], [153.0118586, -27.4986787]]}",latlng_or_poiid_hc_false
1912333,153.0120844,-27.498899,153.0120971,-27.4988774,2.7,4.0,1000004,PEDESTRIAN,FOOT,3.4290000000000003,[],,mazemap,"{""type"": ""LineString"", ""coordinates"": [[153.0120844, -27.498899], [153.0120971, -27.4988774]]}",latlng_or_poiid_hc_false
2501772,153.0120971,-27.4988774,153.0121501,-27.4988957,5.6,4.0,1000004,PEDESTRIAN,FOOT,7.111999999999999,[],,mazemap,"{""type"": ""LineString"", ""coordinates"": [[153.0120971, -27.4988774], [153.0121501, -27.4988957]]}",latlng_or_poiid_hc_false
2501773,153.0121501,-27.4988957,153.0120971,-27.4988774,5.6,4.0,1000004,PEDESTRIAN,FOOT,7.111999999999999,[],,mazemap,"{""type"": ""LineString"", ""coordinates"": [[153.0121501, -27.4988957], [153.0120971, -27.4988774]]}",latlng_or_poiid_hc_false
2501774,153.0123923,-27.4988738,153.0123784,-27.4989041,3.6,4.0,1000004,PEDESTRIAN,FOOT,4.572,[],,mazemap,"{""type"": ""LineString"", ""coordinates"": [[153.0123923, -27.4988738], [153.0123784, -27.4989041]]}",latlng_or_poiid_hc_false
2501775,153.0123784,-27.4989041,153.0123923,-27.4988738,3.6,4.0,1000004,PEDESTRIAN,FOOT,4.572,[],,mazemap,"{""type"": ""LineString"", ""coordinates"": [[153.0123784, -27.4989041], [153.0123923, -27.4988738]]}",latlng_or_poiid_hc_false
2530944,153.0120938,-27.4987676,153.0121325,-27.4987817,4.1,4.0,1000004,PEDESTRIAN,FOOT,5.207,[],,mazemap,"{""type"": ""LineString"", ""coordinates"": [[153.0120938, -27.4987676], [153.0121325, -27.4987817]]}",latlng_or_poiid_hc_false
2530945,153.0122107,-27.49881,153.0122216,-27.4988136,1.2,4.0,1000004,PEDESTRIAN,FOOT,1.524,[],,mazemap,"{""type"": ""LineString"", ""coordinates"": [[153.0122107, -27.49881], [153.0122216, -27.4988136]]}",latlng_or_poiid_hc_false
2530946,153.0121263,-27.498821,153.0121138,-27.4988411,2.6,4.0,1000004,PEDESTRIAN,FOOT,3.302,[],,mazemap,"{""type"": ""LineString"", ""coordinates"": [[153.0121263, -27.498821], [153.0121138, -27.4988411]]}",latlng_or_poiid_hc_false
2530947,153.0120494,-27.4987505,153.0120793,-27.4987614,3.2,4.0,1000004,PEDESTRIAN,FOOT,4.064,[],,mazemap,"{""type"": ""LineString"", ""coordinates"": [[153.0120494, -27.4987505], [153.0120793, -27.4987614]]}",latlng_or_poiid_hc_false
2530948,153.0123557,-27.4988622,153.0123423,-27.4988912,3.5,4.0,1000004,PEDESTRIAN,FOOT,4.445,[],,mazemap,"{""type"": ""LineString"", ""coordinates"": [[153.0123557, -27.4988622], [153.0123423, -27.4988912]]}",latlng_or_poiid_hc_false
2530949,153.0121302,-27.4988475,153.0121379,-27.4988502,0.8,4.0,1000004,PEDESTRIAN,FOOT,1.016,[],,mazemap,"{""type"": ""LineString"", ""coordinates"": [[153.0121302, -27.4988475], [153.0121379, -27.4988502]]}",latlng_or_poiid_hc_false
2530950,153.012107,-27.498856,153.0120971,-27.4988774,2.6,4.0,1000004,PEDESTRIAN,FOOT,3.302,[],,mazemap,"{""type"": ""LineString"", ""coordinates"": [[153.012107, -27.498856], [153.0120971, -27.4988774]]}",latlng_or_poiid_hc_false
2530951,153.0118211,-27.4987136,153.0118172,-27.4987221,1.0,4.0,1000004,PEDESTRIAN,FOOT,1.27,[],,mazemap,"{""type"": ""LineString"", ""coordinates"": [[153.0118211, -27.4987136], [153.0118172, -27.4987221]]}",latlng_or_poiid_hc_false
2530952,153.0121379,-27.4988502,153.0121302,-27.4988475,0.8,4.0,1000004,PEDESTRIAN,FOOT,1.016,[],,mazemap,"{""type"": ""LineString"", ""coordinates"": [[153.0121379, -27.4988502], [153.0121302, -27.4988475]]}",latlng_or_poiid_hc_false
2530953,153.0121306,-27.4988657,153.0121593,-27.4988576,8.5,4.0,1000004,PEDESTRIAN,FOOT,21.59,"[""NO_HC"", ""STAIR""]",,mazemap,"{""type"": ""LineString"", ""coordinates"": [[153.0121306, -27.4988657], [153.0121724, -27.4988803], [153.0121797, -27.4988648], [153.0121593, -27.4988576]]}",latlng_or_poiid_hc_false
2530954,153.0118586,-27.4986787,153.0118699,-27.4986827,1.2,4.0,1000004,PEDESTRIAN,FOOT,1.524,[],,mazemap,"{""type"": ""LineString"", ""coordinates"": [[153.0118586, -27.4986787], [153.0118699, -27.4986827]]}",latlng_or_poiid_hc_false
2530955,153.0118415,-27.4986729,153.0118268,-27.4987057,3.9,4.0,1000004,PEDESTRIAN,FOOT,9.906,"[""NO_HC"", ""STAIR""]",,mazemap,"{""type"": ""LineString"", ""coordinates"": [[153.0118415, -27.4986729], [153.0118268, -27.4987057]]}",latlng_or_poiid_hc_false
1890040,153.0122164,-27.4988102,153.0122232,-27.4988124,0.7,5.0,1000004,PEDESTRIAN,FOOT,0.8889999999999999,[],,mazemap,"{""type"": ""LineString"", ""coordinates"": [[153.0122164, -27.4988102], [153.0122232, -27.4988124]]}",latlng_or_poiid_hc_false
1893875,153.0119051,-27.4987312,153.0119183,-27.4987026,3.4,5.0,1000004,PEDESTRIAN,FOOT,4.318,[],,mazemap,"{""type"": ""LineString"", ""coordinates"": [[153.0119051, -27.4987312], [153.0119183, -27.4987026]]}",latlng_or_poiid_hc_false
1893877,153.0121639,-27.4987729,153.0121675,-27.4987651,0.9,5.0,1000004,PEDESTRIAN,FOOT,1.143,[],,mazemap,"{""type"": ""LineString"", ""coordinates"": [[153.0121639, -27.4987729], [153.0121675, -27.4987651]]}",latlng_or_poiid_hc_false
1893878,153.0123748,-27.4988981,153.0123869,-27.4988718,3.2,5.0,1000004,PEDESTRIAN,FOOT,4.064,[],,mazemap,"{""type"": ""LineString"", ""coordinates"": [[153.0123748, -27.4988981], [153.0123869, -27.4988718]]}",latlng_or_poiid_hc_false
1893883,153.0123628,-27.4988002,153.0123479,-27.4988357,4.2,5.0,1000004,PEDESTRIAN,FOOT,5.3340000000000005,[],,mazemap,"{""type"": ""LineString"", ""coordinates"": [[153.0123628, -27.4988002], [153.0123479, -27.4988357]]}",latlng_or_poiid_hc_false
1893888,153.0121052,-27.4987209,153.0121117,-27.4987067,1.7,5.0,1000004,PEDESTRIAN,FOOT,2.159,[],,mazemap,"{""type"": ""LineString"", ""coordinates"": [[153.0121052, -27.4987209], [153.0121117, -27.4987067]]}",latlng_or_poiid_hc_false
1893889,153.0120835,-27.4987131,153.0121052,-27.4987209,2.3,5.0,1000004,PEDESTRIAN,FOOT,2.921,[],,mazemap,"{""type"": ""LineString"", ""coordinates"": [[153.0120835, -27.4987131], [153.0121052, -27.4987209]]}",latlng_or_poiid_hc_false
1893897,153.0123626,-27.498863,153.0123713,-27.4988662,0.9,5.0,1000004,PEDESTRIAN,FOOT,1.143,[],,mazemap,"{""type"": ""LineString"", ""coordinates"": [[153.0123626, -27.498863], [153.0123713, -27.4988662]]}",latlng_or_poiid_hc_false
1894031,153.0121,-27.4988711,153.012099,-27.4988784,0.8,5.0,1000004,PEDESTRIAN,FOOT,1.016,[],,mazemap,"{""type"": ""LineString"", ""coordinates"": [[153.0121, -27.4988711], [153.012099, -27.4988784]]}",latlng_or_poiid_hc_false
1894035,153.0120663,-27.4987768,153.0120104,-27.4987565,6.0,5.0,1000004,PEDESTRIAN,FOOT,7.62,[],,mazemap,"{""type"": ""LineString"", ""coordinates"": [[153.0120663, -27.4987768], [153.0120104, -27.4987565]]}",latlng_or_poiid_hc_false
1894036,153.0120661,-27.4987771,153.0120663,-27.4987768,0.0,5.0,1000004,PEDESTRIAN,FOOT,0.0,[],,mazemap,"{""type"": ""LineString"", ""coordinates"": [[153.0120661, -27.4987771], [153.0120663, -27.4987768]]}",latlng_or_poiid_hc_false
1894037,153.012057,-27.4987969,153.0120011,-27.4987766,6.0,5.0,1000004,PEDESTRIAN,FOOT,7.62,[],,mazemap,"{""type"": ""LineString"", ""coordinates"": [[153.012057, -27.4987969], [153.0120011, -27.4987766]]}",latlng_or_poiid_hc_false
1894038,153.0121006,-27.4987896,153.0120661,-27.4987771,3.7,5.0,1000004,PEDESTRIAN,FOOT,4.699000000000001,[],,mazemap,"{""type"": ""LineString"", ""coordinates"": [[153.0121006, -27.4987896], [153.0120661, -27.4987771]]}",latlng_or_poiid_hc_false
1894039,153.0120104,-27.4987565,153.0120663,-27.4987768,6.0,5.0,1000004,PEDESTRIAN,FOOT,7.62,[],,mazemap,"{""type"": ""LineString"", ""coordinates"": [[153.0120104, -27.4987565], [153.0120663, -27.4987768]]}",latlng_or_poiid_hc_false
1894040,153.0120011,-27.4987766,153.012057,-27.4987969,6.0,5.0,1000004,PEDESTRIAN,FOOT,7.62,[],,mazemap,"{""type"": ""LineString"", ""coordinates"": [[153.0120011, -27.4987766], [153.012057, -27.4987969]]}",latlng_or_poiid_hc_false
1894041,153.012112,-27.4987906,153.012132,-27.4987979,2.1,5.0,1000004,PEDESTRIAN,FOOT,2.6670000000000003,[],,mazemap,"{""type"": ""LineString"", ""coordinates"": [[153.012112, -27.4987906], [153.012132, -27.4987979]]}",latlng_or_poiid_hc_false
1894042,153.012132,-27.4987979,153.0121288,-27.4988047,0.8,5.0,1000004,PEDESTRIAN,FOOT,1.016,[],,mazemap,"{""type"": ""LineString"", ""coordinates"": [[153.012132, -27.4987979], [153.0121288, -27.4988047]]}",latlng_or_poiid_hc_false
1894043,153.0121117,-27.4987067,153.0121545,-27.4987222,4.6,5.0,1000004,PEDESTRIAN,FOOT,5.842,[],,mazemap,"{""type"": ""LineString"", ""coordinates"": [[153.0121117, -27.4987067], [153.0121545, -27.4987222]]}",latlng_or_poiid_hc_false
1894044,153.0121545,-27.4987222,153.0121469,-27.4987388,2.0,5.0,1000004,PEDESTRIAN,FOOT,2.54,[],,mazemap,"{""type"": ""LineString"", ""coordinates"": [[153.0121545, -27.4987222], [153.0121469, -27.4987388]]}",latlng_or_poiid_hc_false
1894045,153.012142,-27.4987493,153.0121545,-27.4987222,3.2,5.0,1000004,PEDESTRIAN,FOOT,4.064,[],,mazemap,"{""type"": ""LineString"", ""coordinates"": [[153.012142, -27.4987493], [153.0121545, -27.4987222]]}",latlng_or_poiid_hc_false
1894046,153.0121009,-27.4987303,153.0120798,-27.4987226,2.2,5.0,1000004,PEDESTRIAN,FOOT,2.7940000000000005,[],,mazemap,"{""type"": ""LineString"", ""coordinates"": [[153.0121009, -27.4987303], [153.0120798, -27.4987226]]}",latlng_or_poiid_hc_false
1894047,153.0120798,-27.4987226,153.0121009,-27.4987303,2.2,5.0,1000004,PEDESTRIAN,FOOT,2.7940000000000005,[],,mazemap,"{""type"": ""LineString"", ""coordinates"": [[153.0120798, -27.4987226], [153.0121009, -27.4987303]]}",latlng_or_poiid_hc_false
1894048,153.0121465,-27.4988277,153.0121223,-27.4988189,2.6,5.0,1000004,PEDESTRIAN,FOOT,3.302,[],,mazemap,"{""type"": ""LineString"", ""coordinates"": [[153.0121465, -27.4988277], [153.0121223, -27.4988189]]}",latlng_or_poiid_hc_false
1894049,153.0121288,-27.4988047,153.0121223,-27.4988189,1.7,5.0,1000004,PEDESTRIAN,FOOT,2.159,[],,mazemap,"{""type"": ""LineString"", ""coordinates"": [[153.0121288, -27.4988047], [153.0121223, -27.4988189]]}",latlng_or_poiid_hc_false
1894050,153.0121473,-27.4988114,153.0121288,-27.4988047,2.0,5.0,1000004,PEDESTRIAN,FOOT,2.54,[],,mazemap,"{""type"": ""LineString"", ""coordinates"": [[153.0121473, -27.4988114], [153.0121288, -27.4988047]]}",latlng_or_poiid_hc_false
1894054,153.0120845,-27.4987624,153.0121091,-27.4987713,2.6,5.0,1000004,PEDESTRIAN,FOOT,3.302,[],,mazemap,"{""type"": ""LineString"", ""coordinates"": [[153.0120845, -27.4987624], [153.0121091, -27.4987713]]}",latlng_or_poiid_hc_false
1894302,153.0120877,-27.4987555,153.0121009,-27.4987303,3.1,5.0,1000004,PEDESTRIAN,FOOT,3.9370000000000003,[],,mazemap,"{""type"": ""LineString"", ""coordinates"": [[153.0120877, -27.4987555], [153.0121009, -27.4987303]]}",latlng_or_poiid_hc_false
1894306,153.0121817,-27.4987977,153.0122164,-27.4988102,3.7,5.0,1000004,PEDESTRIAN,FOOT,4.699000000000001,[],,mazemap,"{""type"": ""LineString"", ""coordinates"": [[153.0121817, -27.4987977], [153.0122164, -27.4988102]]}",latlng_or_poiid_hc_false
1894311,153.0121762,-27.4987957,153.0121896,-27.4987667,3.5,5.0,1000004,PEDESTRIAN,FOOT,4.445,[],,mazemap,"{""type"": ""LineString"", ""coordinates"": [[153.0121762, -27.4987957], [153.0121896, -27.4987667]]}",latlng_or_poiid_hc_false
1894313,153.0121392,-27.4987823,153.012132,-27.4987979,1.9,5.0,1000004,PEDESTRIAN,FOOT,2.413,[],,mazemap,"{""type"": ""LineString"", ""coordinates"": [[153.0121392, -27.4987823], [153.012132, -27.4987979]]}",latlng_or_poiid_hc_false
1894315,153.0121896,-27.4987667,153.0121732,-27.4987606,1.8,5.0,1000004,PEDESTRIAN,FOOT,2.286,[],,mazemap,"{""type"": ""LineString"", ""coordinates"": [[153.0121896, -27.4987667], [153.0121732, -27.4987606]]}",latlng_or_poiid_hc_false
1894317,153.0121091,-27.4987713,153.0121392,-27.4987823,3.2,5.0,1000004,PEDESTRIAN,FOOT,4.064,[],,mazemap,"{""type"": ""LineString"", ""coordinates"": [[153.0121091, -27.4987713], [153.0121392, -27.4987823]]}",latlng_or_poiid_hc_false
1894319,153.0121686,-27.4988263,153.0121817,-27.4987977,3.4,5.0,1000004,PEDESTRIAN,FOOT,4.318,[],,mazemap,"{""type"": ""LineString"", ""coordinates"": [[153.0121686, -27.4988263], [153.0121817, -27.4987977]]}",latlng_or_poiid_hc_false
1894321,153.0122072,-27.498773,153.0122165,-27.498753,2.4,5.0,1000004,PEDESTRIAN,FOOT,3.048,[],,mazemap,"{""type"": ""LineString"", ""coordinates"": [[153.0122072, -27.498773], [153.0122165, -27.498753]]}",latlng_or_poiid_hc_false
1894323,153.0122165,-27.498753,153.0122072,-27.498773,2.4,5.0,1000004,PEDESTRIAN,FOOT,3.048,[],,mazemap,"{""type"": ""LineString"", ""coordinates"": [[153.0122165, -27.498753], [153.0122072, -27.498773]]}",latlng_or_poiid_hc_false
1894324,153.0118251,-27.498712,153.0118207,-27.4987214,1.1,5.0,1000004,PEDESTRIAN,FOOT,1.3970000000000002,[],,mazemap,"{""type"": ""LineString"", ""coordinates"": [[153.0118251, -27.498712], [153.0118207, -27.4987214]]}",latlng_or_poiid_hc_false
1894327,153.0118207,-27.4987214,153.0118251,-27.498712,1.1,5.0,1000004,PEDESTRIAN,FOOT,1.3970000000000002,[],,mazemap,"{""type"": ""LineString"", ""coordinates"": [[153.0118207, -27.4987214], [153.0118251, -27.498712]]}",latlng_or_poiid_hc_false
1895388,153.0118269,-27.4987043,153.0118444,-27.4987103,1.8,5.0,1000004,PEDESTRIAN,FOOT,2.286,[],,mazemap,"{""type"": ""LineString"", ""coordinates"": [[153.0118269, -27.4987043], [153.0118444, -27.4987103]]}",latlng_or_poiid_hc_false
1895390,153.0118444,-27.4987103,153.0118591,-27.4986788,3.8,5.0,1000004,PEDESTRIAN,FOOT,9.652,"[""NO_HC"", ""STAIR""]",,mazemap,"{""type"": ""LineString"", ""coordinates"": [[153.0118444, -27.4987103], [153.0118591, -27.4986788]]}",latlng_or_poiid_hc_false
1905985,153.0121703,-27.4987596,153.0121675,-27.4987651,0.7,5.0,1000004,PEDESTRIAN,FOOT,0.8889999999999999,[],,mazemap,"{""type"": ""LineString"", ""coordinates"": [[153.0121703, -27.4987596], [153.0121675, -27.4987651]]}",latlng_or_poiid_hc_false
1905991,153.0120833,-27.498848,153.012107,-27.4988559,2.5,5.0,1000004,PEDESTRIAN,FOOT,3.175,[],,mazemap,"{""type"": ""LineString"", ""coordinates"": [[153.0120833, -27.498848], [153.012107, -27.4988559]]}",latlng_or_poiid_hc_false
1906226,153.0124233,-27.4988837,153.0124096,-27.4988793,1.4,5.0,1000004,PEDESTRIAN,FOOT,1.7779999999999998,[],,mazemap,"{""type"": ""LineString"", ""coordinates"": [[153.0124233, -27.4988837], [153.0124096, -27.4988793]]}",latlng_or_poiid_hc_false
1906227,153.0124096,-27.4988793,153.0123869,-27.4988718,2.4,5.0,1000004,PEDESTRIAN,FOOT,3.048,[],,mazemap,"{""type"": ""LineString"", ""coordinates"": [[153.0124096, -27.4988793], [153.0123869, -27.4988718]]}",latlng_or_poiid_hc_false
1908304,153.0122803,-27.4988331,153.0123064,-27.4988426,2.8,5.0,1000004,PEDESTRIAN,FOOT,3.5559999999999996,[],,mazemap,"{""type"": ""LineString"", ""coordinates"": [[153.0122803, -27.4988331], [153.0123064, -27.4988426]]}",latlng_or_poiid_hc_false
1908307,153.0122232,-27.4988124,153.0122098,-27.4988415,3.5,5.0,1000004,PEDESTRIAN,FOOT,4.445,[],,mazemap,"{""type"": ""LineString"", ""coordinates"": [[153.0122232, -27.4988124], [153.0122098, -27.4988415]]}",latlng_or_poiid_hc_false
1908309,153.0122098,-27.4988415,153.0122232,-27.4988124,3.5,5.0,1000004,PEDESTRIAN,FOOT,4.445,[],,mazemap,"{""type"": ""LineString"", ""coordinates"": [[153.0122098, -27.4988415], [153.0122232, -27.4988124]]}",latlng_or_poiid_hc_false
1908315,153.0122965,-27.4988643,153.0123328,-27.4988775,3.9,5.0,1000004,PEDESTRIAN,FOOT,4.953,[],,mazemap,"{""type"": ""LineString"", ""coordinates"": [[153.0122965, -27.4988643], [153.0123328, -27.4988775]]}",latlng_or_poiid_hc_false
1908325,153.0123176,-27.4988185,153.0122902,-27.4988086,2.9,5.0,1000004,PEDESTRIAN,FOOT,3.683,[],,mazemap,"{""type"": ""LineString"", ""coordinates"": [[153.0123176, -27.4988185], [153.0122902, -27.4988086]]}",latlng_or_poiid_hc_false
1908327,153.0123869,-27.4988718,153.0123748,-27.4988981,3.2,5.0,1000004,PEDESTRIAN,FOOT,4.064,[],,mazemap,"{""type"": ""LineString"", ""coordinates"": [[153.0123869, -27.4988718], [153.0123748, -27.4988981]]}",latlng_or_poiid_hc_false
1908331,153.0123713,-27.4988662,153.0123869,-27.4988718,1.7,5.0,1000004,PEDESTRIAN,FOOT,2.159,[],,mazemap,"{""type"": ""LineString"", ""coordinates"": [[153.0123713, -27.4988662], [153.0123869, -27.4988718]]}",latlng_or_poiid_hc_false
1908435,153.0123613,-27.4988878,153.0123328,-27.4988775,3.0,5.0,1000004,PEDESTRIAN,FOOT,3.81,[],,mazemap,"{""type"": ""LineString"", ""coordinates"": [[153.0123613, -27.4988878], [153.0123328, -27.4988775]]}",latlng_or_poiid_hc_false
1908438,153.0120363,-27.4987157,153.0120257,-27.4987118,1.1,5.0,1000004,PEDESTRIAN,FOOT,1.3970000000000002,[],,mazemap,"{""type"": ""LineString"", ""coordinates"": [[153.0120363, -27.4987157], [153.0120257, -27.4987118]]}",latlng_or_poiid_hc_false
1908441,153.0120257,-27.4987118,153.0120375,-27.4986864,3.1,5.0,1000004,PEDESTRIAN,FOOT,3.9370000000000003,[],,mazemap,"{""type"": ""LineString"", ""coordinates"": [[153.0120257, -27.4987118], [153.0120375, -27.4986864]]}",latlng_or_poiid_hc_false
1908445,153.0120375,-27.4986864,153.0120257,-27.4987118,3.1,5.0,1000004,PEDESTRIAN,FOOT,3.9370000000000003,[],,mazemap,"{""type"": ""LineString"", ""coordinates"": [[153.0120375, -27.4986864], [153.0120257, -27.4987118]]}",latlng_or_poiid_hc_false
1908448,153.0120538,-27.498722,153.0120363,-27.4987157,1.9,5.0,1000004,PEDESTRIAN,FOOT,2.413,[],,mazemap,"{""type"": ""LineString"", ""coordinates"": [[153.0120538, -27.498722], [153.0120363, -27.4987157]]}",latlng_or_poiid_hc_false
1908450,153.0120495,-27.498687,153.0120363,-27.4987157,3.4,5.0,1000004,PEDESTRIAN,FOOT,4.318,[],,mazemap,"{""type"": ""LineString"", ""coordinates"": [[153.0120495, -27.498687], [153.0120363, -27.4987157]]}",latlng_or_poiid_hc_false
1908460,153.0120423,-27.4987471,153.0120845,-27.4987624,4.5,5.0,1000004,PEDESTRIAN,FOOT,5.715,[],,mazemap,"{""type"": ""LineString"", ""coordinates"": [[153.0120423, -27.4987471], [153.0120845, -27.4987624]]}",latlng_or_poiid_hc_false
1908471,153.0123048,-27.4987769,153.0122902,-27.4988086,3.8,5.0,1000004,PEDESTRIAN,FOOT,4.826,[],,mazemap,"{""type"": ""LineString"", ""coordinates"": [[153.0123048, -27.4987769], [153.0122902, -27.4988086]]}",latlng_or_poiid_hc_false
1908473,153.0122902,-27.4988086,153.0123048,-27.4987769,3.8,5.0,1000004,PEDESTRIAN,FOOT,4.826,[],,mazemap,"{""type"": ""LineString"", ""coordinates"": [[153.0122902, -27.4988086], [153.0123048, -27.4987769]]}",latlng_or_poiid_hc_false
1908484,153.0119522,-27.4987481,153.0119654,-27.4987197,3.4,5.0,1000004,PEDESTRIAN,FOOT,4.318,[],,mazemap,"{""type"": ""LineString"", ""coordinates"": [[153.0119522, -27.4987481], [153.0119654, -27.4987197]]}",latlng_or_poiid_hc_false
1908487,153.0119654,-27.4987197,153.0120166,-27.4987376,5.4,5.0,1000004,PEDESTRIAN,FOOT,6.8580000000000005,[],,mazemap,"{""type"": ""LineString"", ""coordinates"": [[153.0119654, -27.4987197], [153.0120166, -27.4987376]]}",latlng_or_poiid_hc_false
1908505,153.01213,-27.498848,153.0121375,-27.4988507,0.8,5.0,1000004,PEDESTRIAN,FOOT,1.016,[],,mazemap,"{""type"": ""LineString"", ""coordinates"": [[153.01213, -27.498848], [153.0121375, -27.4988507]]}",latlng_or_poiid_hc_false
1910631,153.0121306,-27.4988642,153.0121518,-27.4988719,2.3,5.0,1000004,PEDESTRIAN,FOOT,5.842,"[""NO_HC"", ""STAIR""]",,mazemap,"{""type"": ""LineString"", ""coordinates"": [[153.0121306, -27.4988642], [153.0121518, -27.4988719]]}",latlng_or_poiid_hc_false
1910661,153.0118591,-27.4986788,153.01187,-27.4986825,1.1,5.0,1000004,PEDESTRIAN,FOOT,1.3970000000000002,[],,mazemap,"{""type"": ""LineString"", ""coordinates"": [[153.0118591, -27.4986788], [153.01187, -27.4986825]]}",latlng_or_poiid_hc_false
2501776,153.0118841,-27.4986889,153.0119183,-27.4987026,3.7,5.0,1000004,PEDESTRIAN,FOOT,4.699000000000001,[],,mazemap,"{""type"": ""LineString"", ""coordinates"": [[153.0118841, -27.4986889], [153.0119183, -27.4987026]]}",latlng_or_poiid_hc_false
2501777,153.0118722,-27.4987188,153.0118841,-27.4986889,3.5,5.0,1000004,PEDESTRIAN,FOOT,4.445,[],,mazemap,"{""type"": ""LineString"", ""coordinates"": [[153.0118722, -27.4987188], [153.0118841, -27.4986889]]}",latlng_or_poiid_hc_false
2501778,153.0118995,-27.4986515,153.0118841,-27.4986889,4.4,5.0,1000004,PEDESTRIAN,FOOT,5.588000000000001,[],,mazemap,"{""type"": ""LineString"", ""coordinates"": [[153.0118995, -27.4986515], [153.0118841, -27.4986889]]}",latlng_or_poiid_hc_false
2501779,153.0121137,-27.4988414,153.01213,-27.498848,1.8,5.0,1000004,PEDESTRIAN,FOOT,2.286,[],,mazemap,"{""type"": ""LineString"", ""coordinates"": [[153.0121137, -27.4988414], [153.01213, -27.498848]]}",latlng_or_poiid_hc_false
2501780,153.0120588,-27.4988209,153.0121137,-27.4988414,5.9,5.0,1000004,PEDESTRIAN,FOOT,7.493,[],,mazemap,"{""type"": ""LineString"", ""coordinates"": [[153.0120588, -27.4988209], [153.0121137, -27.4988414]]}",latlng_or_poiid_hc_false
2501781,153.0123479,-27.4988357,153.0123628,-27.4988002,4.2,5.0,1000004,PEDESTRIAN,FOOT,5.3340000000000005,[],,mazemap,"{""type"": ""LineString"", ""coordinates"": [[153.0123479, -27.4988357], [153.0123628, -27.4988002]]}",latlng_or_poiid_hc_false
2501782,153.0123416,-27.4988554,153.0123626,-27.498863,2.2,5.0,1000004,PEDESTRIAN,FOOT,2.7940000000000005,[],,mazemap,"{""type"": ""LineString"", ""coordinates"": [[153.0123416, -27.4988554], [153.0123626, -27.498863]]}",latlng_or_poiid_hc_false
2502066,153.012099,-27.4988784,153.0120418,-27.4988577,6.1,5.0,1000004,PEDESTRIAN,FOOT,7.747,[],,mazemap,"{""type"": ""LineString"", ""coordinates"": [[153.012099, -27.4988784], [153.0120418, -27.4988577]]}",latlng_or_poiid_hc_false
2502067,153.0120418,-27.4988577,153.012099,-27.4988784,6.1,5.0,1000004,PEDESTRIAN,FOOT,7.747,[],,mazemap,"{""type"": ""LineString"", ""coordinates"": [[153.0120418, -27.4988577], [153.012099, -27.4988784]]}",latlng_or_poiid_hc_false
2530956,153.0119183,-27.4987026,153.0119654,-27.4987197,5.0,5.0,1000004,PEDESTRIAN,FOOT,6.35,[],,mazemap,"{""type"": ""LineString"", ""coordinates"": [[153.0119183, -27.4987026], [153.0119654, -27.4987197]]}",latlng_or_poiid_hc_false
2530957,153.0121675,-27.4987651,153.0121639,-27.4987729,0.9,5.0,1000004,PEDESTRIAN,FOOT,1.143,[],,mazemap,"{""type"": ""LineString"", ""coordinates"": [[153.0121675, -27.4987651], [153.0121639, -27.4987729]]}",latlng_or_poiid_hc_false
2530958,153.0123713,-27.4988442,153.0123626,-27.498863,2.3,5.0,1000004,PEDESTRIAN,FOOT,2.921,[],,mazemap,"{""type"": ""LineString"", ""coordinates"": [[153.0123713, -27.4988442], [153.0123626, -27.498863]]}",latlng_or_poiid_hc_false
2530959,153.0123064,-27.4988426,153.0123416,-27.4988554,3.7,5.0,1000004,PEDESTRIAN,FOOT,4.699000000000001,[],,mazemap,"{""type"": ""LineString"", ""coordinates"": [[153.0123064, -27.4988426], [153.0123416, -27.4988554]]}",latlng_or_poiid_hc_false
2530961,153.0123328,-27.4988775,153.0123541,-27.4988852,2.3,5.0,1000004,PEDESTRIAN,FOOT,2.921,[],,mazemap,"{""type"": ""LineString"", ""coordinates"": [[153.0123328, -27.4988775], [153.0123541, -27.4988852]]}",latlng_or_poiid_hc_false
2530962,153.012107,-27.4988559,153.0121,-27.4988711,1.8,5.0,1000004,PEDESTRIAN,FOOT,2.286,[],,mazemap,"{""type"": ""LineString"", ""coordinates"": [[153.012107, -27.4988559], [153.0121, -27.4988711]]}",latlng_or_poiid_hc_false
2530963,153.0121223,-27.4988189,153.0121137,-27.4988414,2.6,5.0,1000004,PEDESTRIAN,FOOT,3.302,[],,mazemap,"{""type"": ""LineString"", ""coordinates"": [[153.0121223, -27.4988189], [153.0121137, -27.4988414]]}",latlng_or_poiid_hc_false
2530964,153.0121375,-27.4988507,153.01213,-27.498848,0.8,5.0,1000004,PEDESTRIAN,FOOT,1.016,[],,mazemap,"{""type"": ""LineString"", ""coordinates"": [[153.0121375, -27.4988507], [153.01213, -27.498848]]}",latlng_or_poiid_hc_false
2530965,153.01187,-27.4986825,153.0118841,-27.4986889,1.6,5.0,1000004,PEDESTRIAN,FOOT,2.032,[],,mazemap,"{""type"": ""LineString"", ""coordinates"": [[153.01187, -27.4986825], [153.0118841, -27.4986889]]}",latlng_or_poiid_hc_false
3724020,153.0121705,-27.4988975,153.012131,-27.4988827,4.2,5.0,1000004,PEDESTRIAN,FOOT,5.3340000000000005,[],,mazemap,"{""type"": ""LineString"", ""coordinates"": [[153.0121705, -27.4988975], [153.012131, -27.4988827]]}",latlng_or_poiid_hc_false
3724021,153.012131,-27.4988827,153.0121705,-27.4988975,4.2,5.0,1000004,PEDESTRIAN,FOOT,5.3340000000000005,[],,mazemap,"{""type"": ""LineString"", ""coordinates"": [[153.012131, -27.4988827], [153.0121705, -27.4988975]]}",latlng_or_poiid_hc_false
5071792,153.0120166,-27.4987376,153.0120307,-27.4987429,1.5,5.0,1000004,PEDESTRIAN,FOOT,1.905,[],,mazemap,"{""type"": ""LineString"", ""coordinates"": [[153.0120166, -27.4987376], [153.0120307, -27.4987429]]}",latlng_or_poiid_hc_false
5071793,153.0120307,-27.4987429,153.0120423,-27.4987471,1.2,5.0,1000004,PEDESTRIAN,FOOT,1.524,[],,mazemap,"{""type"": ""LineString"", ""coordinates"": [[153.0120307, -27.4987429], [153.0120423, -27.4987471]]}",latlng_or_poiid_hc_false
1890171,153.0120411,-27.4987078,153.0120306,-27.4987333,3.0,6.0,1000004,PEDESTRIAN,FOOT,3.81,[],,mazemap,"{""type"": ""LineString"", ""coordinates"": [[153.0120411, -27.4987078], [153.0120306, -27.4987333]]}",latlng_or_poiid_hc_false
1890177,153.0122618,-27.4988361,153.0122545,-27.4988519,1.9,6.0,1000004,PEDESTRIAN,FOOT,2.413,[],,mazemap,"{""type"": ""LineString"", ""coordinates"": [[153.0122618, -27.4988361], [153.0122545, -27.4988519]]}",latlng_or_poiid_hc_false
1890178,153.0122843,-27.4988444,153.0122618,-27.4988361,2.4,6.0,1000004,PEDESTRIAN,FOOT,3.048,[],,mazemap,"{""type"": ""LineString"", ""coordinates"": [[153.0122843, -27.4988444], [153.0122618, -27.4988361]]}",latlng_or_poiid_hc_false
1890179,153.0123497,-27.4988918,153.012368,-27.4988551,4.5,6.0,1000004,PEDESTRIAN,FOOT,5.715,[],,mazemap,"{""type"": ""LineString"", ""coordinates"": [[153.0123497, -27.4988918], [153.012368, -27.4988551]]}",latlng_or_poiid_hc_false
1890180,153.0123861,-27.4988189,153.012368,-27.4988551,4.4,6.0,1000004,PEDESTRIAN,FOOT,5.588000000000001,[],,mazemap,"{""type"": ""LineString"", ""coordinates"": [[153.0123861, -27.4988189], [153.012368, -27.4988551]]}",latlng_or_poiid_hc_false
1894635,153.012025,-27.4987732,153.0120401,-27.4987406,3.9,6.0,1000004,PEDESTRIAN,FOOT,4.953,[],,mazemap,"{""type"": ""LineString"", ""coordinates"": [[153.012025, -27.4987732], [153.0120401, -27.4987406]]}",latlng_or_poiid_hc_false
1894636,153.0121468,-27.4988384,153.0121249,-27.4988303,2.3,6.0,1000004,PEDESTRIAN,FOOT,2.921,[],,mazemap,"{""type"": ""LineString"", ""coordinates"": [[153.0121468, -27.4988384], [153.0121249, -27.4988303]]}",latlng_or_poiid_hc_false
1894793,153.0122866,-27.498786,153.0122752,-27.4988211,4.1,6.0,1000004,PEDESTRIAN,FOOT,5.207,[],,mazemap,"{""type"": ""LineString"", ""coordinates"": [[153.0122866, -27.498786], [153.0122752, -27.4988211]]}",latlng_or_poiid_hc_false
1894805,153.012102,-27.4988382,153.0120786,-27.4988296,2.5,6.0,1000004,PEDESTRIAN,FOOT,3.175,[],,mazemap,"{""type"": ""LineString"", ""coordinates"": [[153.012102, -27.4988382], [153.0120786, -27.4988296]]}",latlng_or_poiid_hc_false
1894807,153.0120891,-27.4988659,153.0120986,-27.4988454,2.5,6.0,1000004,PEDESTRIAN,FOOT,3.175,[],,mazemap,"{""type"": ""LineString"", ""coordinates"": [[153.0120891, -27.4988659], [153.0120986, -27.4988454]]}",latlng_or_poiid_hc_false
1894817,153.012125,-27.49883,153.0121249,-27.4988303,0.0,6.0,1000004,PEDESTRIAN,FOOT,0.0,[],,mazemap,"{""type"": ""LineString"", ""coordinates"": [[153.012125, -27.49883], [153.0121249, -27.4988303]]}",latlng_or_poiid_hc_false
1894819,153.0121326,-27.4988138,153.012125,-27.49883,1.9,6.0,1000004,PEDESTRIAN,FOOT,2.413,[],,mazemap,"{""type"": ""LineString"", ""coordinates"": [[153.0121326, -27.4988138], [153.012125, -27.49883]]}",latlng_or_poiid_hc_false
1894822,153.0121191,-27.4988089,153.0121326,-27.4988138,1.4,6.0,1000004,PEDESTRIAN,FOOT,1.7779999999999998,[],,mazemap,"{""type"": ""LineString"", ""coordinates"": [[153.0121191, -27.4988089], [153.0121326, -27.4988138]]}",latlng_or_poiid_hc_false
1894827,153.0120701,-27.4988099,153.012125,-27.49883,5.9,6.0,1000004,PEDESTRIAN,FOOT,7.493,[],,mazemap,"{""type"": ""LineString"", ""coordinates"": [[153.0120701, -27.4988099], [153.012125, -27.49883]]}",latlng_or_poiid_hc_false
1894830,153.0120786,-27.4988296,153.0120675,-27.4988534,2.9,6.0,1000004,PEDESTRIAN,FOOT,3.683,[],,mazemap,"{""type"": ""LineString"", ""coordinates"": [[153.0120786, -27.4988296], [153.0120675, -27.4988534]]}",latlng_or_poiid_hc_false
1894833,153.0120675,-27.4988534,153.0120786,-27.4988296,2.9,6.0,1000004,PEDESTRIAN,FOOT,3.683,[],,mazemap,"{""type"": ""LineString"", ""coordinates"": [[153.0120675, -27.4988534], [153.0120786, -27.4988296]]}",latlng_or_poiid_hc_false
1894834,153.0120533,-27.4988195,153.0120786,-27.4988296,2.7,6.0,1000004,PEDESTRIAN,FOOT,3.4290000000000003,[],,mazemap,"{""type"": ""LineString"", ""coordinates"": [[153.0120533, -27.4988195], [153.0120786, -27.4988296]]}",latlng_or_poiid_hc_false
1894841,153.0122584,-27.498815,153.0122697,-27.4988191,1.2,6.0,1000004,PEDESTRIAN,FOOT,1.524,[],,mazemap,"{""type"": ""LineString"", ""coordinates"": [[153.0122584, -27.498815], [153.0122697, -27.4988191]]}",latlng_or_poiid_hc_false
1894858,153.0122545,-27.4988519,153.0123009,-27.4988688,5.0,6.0,1000004,PEDESTRIAN,FOOT,6.35,[],,mazemap,"{""type"": ""LineString"", ""coordinates"": [[153.0122545, -27.4988519], [153.0123009, -27.4988688]]}",latlng_or_poiid_hc_false
1894869,153.01187,-27.4986775,153.0118887,-27.4986844,2.0,6.0,1000004,PEDESTRIAN,FOOT,2.54,[],,mazemap,"{""type"": ""LineString"", ""coordinates"": [[153.01187, -27.4986775], [153.0118887, -27.4986844]]}",latlng_or_poiid_hc_false
1894871,153.0119028,-27.4986865,153.0119048,-27.4986873,0.2,6.0,1000004,PEDESTRIAN,FOOT,0.254,[],,mazemap,"{""type"": ""LineString"", ""coordinates"": [[153.0119028, -27.4986865], [153.0119048, -27.4986873]]}",latlng_or_poiid_hc_false
1894880,153.0119152,-27.4986486,153.0119048,-27.4986873,4.4,6.0,1000004,PEDESTRIAN,FOOT,5.588000000000001,[],,mazemap,"{""type"": ""LineString"", ""coordinates"": [[153.0119152, -27.4986486], [153.0119048, -27.4986873]]}",latlng_or_poiid_hc_false
1894882,153.0120306,-27.4987333,153.012029,-27.4987365,0.4,6.0,1000004,PEDESTRIAN,FOOT,0.508,[],,mazemap,"{""type"": ""LineString"", ""coordinates"": [[153.0120306, -27.4987333], [153.012029, -27.4987365]]}",latlng_or_poiid_hc_false
1894885,153.0118869,-27.4987207,153.0119028,-27.4986865,4.1,6.0,1000004,PEDESTRIAN,FOOT,5.207,[],,mazemap,"{""type"": ""LineString"", ""coordinates"": [[153.0118869, -27.4987207], [153.0119028, -27.4986865]]}",latlng_or_poiid_hc_false
1895053,153.012241,-27.4988525,153.0122584,-27.498815,4.5,6.0,1000004,PEDESTRIAN,FOOT,5.715,[],,mazemap,"{""type"": ""LineString"", ""coordinates"": [[153.012241, -27.4988525], [153.0122584, -27.498815]]}",latlng_or_poiid_hc_false
1895386,153.0118508,-27.4986714,153.01187,-27.4986775,2.0,6.0,1000004,PEDESTRIAN,FOOT,2.54,[],,mazemap,"{""type"": ""LineString"", ""coordinates"": [[153.0118508, -27.4986714], [153.01187, -27.4986775]]}",latlng_or_poiid_hc_false
1901701,153.012368,-27.4988551,153.0123861,-27.4988189,4.4,6.0,1000004,PEDESTRIAN,FOOT,5.588000000000001,[],,mazemap,"{""type"": ""LineString"", ""coordinates"": [[153.012368, -27.4988551], [153.0123861, -27.4988189]]}",latlng_or_poiid_hc_false
1901702,153.0123681,-27.4988549,153.0123776,-27.4988586,1.0,6.0,1000004,PEDESTRIAN,FOOT,1.27,[],,mazemap,"{""type"": ""LineString"", ""coordinates"": [[153.0123681, -27.4988549], [153.0123776, -27.4988586]]}",latlng_or_poiid_hc_false
1901719,153.0124183,-27.4988807,153.012412,-27.4988783,0.7,6.0,1000004,PEDESTRIAN,FOOT,0.8889999999999999,[],,mazemap,"{""type"": ""LineString"", ""coordinates"": [[153.0124183, -27.4988807], [153.012412, -27.4988783]]}",latlng_or_poiid_hc_false
1906246,153.0119179,-27.4987063,153.01195,-27.4987183,3.4,6.0,1000004,PEDESTRIAN,FOOT,4.318,[],,mazemap,"{""type"": ""LineString"", ""coordinates"": [[153.0119179, -27.4987063], [153.01195, -27.4987183]]}",latlng_or_poiid_hc_false
1906478,153.01195,-27.4987183,153.0119241,-27.4987086,2.8,6.0,1000004,PEDESTRIAN,FOOT,3.5559999999999996,[],,mazemap,"{""type"": ""LineString"", ""coordinates"": [[153.01195, -27.4987183], [153.0119241, -27.4987086]]}",latlng_or_poiid_hc_false
1906480,153.0119886,-27.4987326,153.0119507,-27.4987185,4.0,6.0,1000004,PEDESTRIAN,FOOT,5.08,[],,mazemap,"{""type"": ""LineString"", ""coordinates"": [[153.0119886, -27.4987326], [153.0119507, -27.4987185]]}",latlng_or_poiid_hc_false
1906752,153.0120738,-27.4987119,153.0121453,-27.4987384,7.6,6.0,1000004,PEDESTRIAN,FOOT,9.652,[],,mazemap,"{""type"": ""LineString"", ""coordinates"": [[153.0120738, -27.4987119], [153.0121453, -27.4987384]]}",latlng_or_poiid_hc_false
1906768,153.0122481,-27.4987764,153.0121932,-27.4987561,5.9,6.0,1000004,PEDESTRIAN,FOOT,7.493,[],,mazemap,"{""type"": ""LineString"", ""coordinates"": [[153.0122481, -27.4987764], [153.0121932, -27.4987561]]}",latlng_or_poiid_hc_false
1906985,153.0121932,-27.4987561,153.0121672,-27.4987465,2.8,6.0,1000004,PEDESTRIAN,FOOT,3.5559999999999996,[],,mazemap,"{""type"": ""LineString"", ""coordinates"": [[153.0121932, -27.4987561], [153.0121672, -27.4987465]]}",latlng_or_poiid_hc_false
1907042,153.0120553,-27.498752,153.0121254,-27.4987809,7.6,6.0,1000004,PEDESTRIAN,FOOT,9.652,[],,mazemap,"{""type"": ""LineString"", ""coordinates"": [[153.0120553, -27.498752], [153.0121254, -27.4987809]]}",latlng_or_poiid_hc_false
1907261,153.0121672,-27.4987465,153.0121932,-27.4987561,2.8,6.0,1000004,PEDESTRIAN,FOOT,3.5559999999999996,[],,mazemap,"{""type"": ""LineString"", ""coordinates"": [[153.0121672, -27.4987465], [153.0121932, -27.4987561]]}",latlng_or_poiid_hc_false
1910371,153.0121609,-27.4988962,153.0121116,-27.4988781,5.3,6.0,1000004,PEDESTRIAN,FOOT,6.731,[],,mazemap,"{""type"": ""LineString"", ""coordinates"": [[153.0121609, -27.4988962], [153.0121116, -27.4988781]]}",latlng_or_poiid_hc_false
1910374,153.0121151,-27.4988514,153.0121116,-27.4988781,3.0,6.0,1000004,PEDESTRIAN,FOOT,3.81,[],,mazemap,"{""type"": ""LineString"", ""coordinates"": [[153.0121151, -27.4988514], [153.0121116, -27.4988781]]}",latlng_or_poiid_hc_false
1910377,153.0120986,-27.4988454,153.0120891,-27.4988659,2.5,6.0,1000004,PEDESTRIAN,FOOT,3.175,[],,mazemap,"{""type"": ""LineString"", ""coordinates"": [[153.0120986, -27.4988454], [153.0120891, -27.4988659]]}",latlng_or_poiid_hc_false
1910380,153.0121236,-27.4988546,153.0121335,-27.4988581,1.0,6.0,1000004,PEDESTRIAN,FOOT,1.27,[],,mazemap,"{""type"": ""LineString"", ""coordinates"": [[153.0121236, -27.4988546], [153.0121335, -27.4988581]]}",latlng_or_poiid_hc_false
1910393,153.0121184,-27.4988442,153.012102,-27.4988382,1.8,6.0,1000004,PEDESTRIAN,FOOT,2.286,[],,mazemap,"{""type"": ""LineString"", ""coordinates"": [[153.0121184, -27.4988442], [153.012102, -27.4988382]]}",latlng_or_poiid_hc_false
1910395,153.0121249,-27.4988303,153.0121468,-27.4988384,2.3,6.0,1000004,PEDESTRIAN,FOOT,2.921,[],,mazemap,"{""type"": ""LineString"", ""coordinates"": [[153.0121249, -27.4988303], [153.0121468, -27.4988384]]}",latlng_or_poiid_hc_false
1910401,153.012029,-27.4987365,153.0120401,-27.4987406,1.2,6.0,1000004,PEDESTRIAN,FOOT,1.524,[],,mazemap,"{""type"": ""LineString"", ""coordinates"": [[153.012029, -27.4987365], [153.0120401, -27.4987406]]}",latlng_or_poiid_hc_false
1910404,153.0120401,-27.4987406,153.0120576,-27.498747,1.9,6.0,1000004,PEDESTRIAN,FOOT,2.413,[],,mazemap,"{""type"": ""LineString"", ""coordinates"": [[153.0120401, -27.4987406], [153.0120576, -27.498747]]}",latlng_or_poiid_hc_false
1910410,153.0118887,-27.4986844,153.0119028,-27.4986865,1.4,6.0,1000004,PEDESTRIAN,FOOT,1.7779999999999998,[],,mazemap,"{""type"": ""LineString"", ""coordinates"": [[153.0118887, -27.4986844], [153.0119028, -27.4986865]]}",latlng_or_poiid_hc_false
1910413,153.0123776,-27.4988586,153.0124015,-27.4988279,4.1,6.0,1000004,PEDESTRIAN,FOOT,5.207,[],,mazemap,"{""type"": ""LineString"", ""coordinates"": [[153.0123776, -27.4988586], [153.0124015, -27.4988279]]}",latlng_or_poiid_hc_false
1910416,153.0123766,-27.4988599,153.0123846,-27.4988665,1.1,6.0,1000004,PEDESTRIAN,FOOT,1.3970000000000002,[],,mazemap,"{""type"": ""LineString"", ""coordinates"": [[153.0123766, -27.4988599], [153.0123846, -27.4988665]]}",latlng_or_poiid_hc_false
1910435,153.0124015,-27.4988279,153.0123776,-27.4988586,4.1,6.0,1000004,PEDESTRIAN,FOOT,5.207,[],,mazemap,"{""type"": ""LineString"", ""coordinates"": [[153.0124015, -27.4988279], [153.0123776, -27.4988586]]}",latlng_or_poiid_hc_false
1910437,153.0122697,-27.4988191,153.0122752,-27.4988211,0.6,6.0,1000004,PEDESTRIAN,FOOT,0.762,[],,mazemap,"{""type"": ""LineString"", ""coordinates"": [[153.0122697, -27.4988191], [153.0122752, -27.4988211]]}",latlng_or_poiid_hc_false
1910440,153.0122752,-27.4988211,153.0123161,-27.4988361,4.4,6.0,1000004,PEDESTRIAN,FOOT,5.588000000000001,[],,mazemap,"{""type"": ""LineString"", ""coordinates"": [[153.0122752, -27.4988211], [153.0123161, -27.4988361]]}",latlng_or_poiid_hc_false
1910444,153.0123161,-27.4988361,153.012368,-27.4988551,5.5,6.0,1000004,PEDESTRIAN,FOOT,6.985,[],,mazemap,"{""type"": ""LineString"", ""coordinates"": [[153.0123161, -27.4988361], [153.012368, -27.4988551]]}",latlng_or_poiid_hc_false
1910625,153.0123009,-27.4988688,153.0122545,-27.4988519,5.0,6.0,1000004,PEDESTRIAN,FOOT,6.35,[],,mazemap,"{""type"": ""LineString"", ""coordinates"": [[153.0123009, -27.4988688], [153.0122545, -27.4988519]]}",latlng_or_poiid_hc_false
1910629,153.0123846,-27.4988665,153.0123997,-27.498873,1.7,6.0,1000004,PEDESTRIAN,FOOT,2.159,[],,mazemap,"{""type"": ""LineString"", ""coordinates"": [[153.0123846, -27.4988665], [153.0123997, -27.498873]]}",latlng_or_poiid_hc_false
1910635,153.0121335,-27.4988581,153.0121306,-27.4988642,0.7,6.0,1000004,PEDESTRIAN,FOOT,0.8889999999999999,[],,mazemap,"{""type"": ""LineString"", ""coordinates"": [[153.0121335, -27.4988581], [153.0121306, -27.4988642]]}",latlng_or_poiid_hc_false
2529516,153.012412,-27.4988783,153.0123997,-27.498873,1.3,6.0,1000004,PEDESTRIAN,FOOT,1.651,[],,mazemap,"{""type"": ""LineString"", ""coordinates"": [[153.012412, -27.4988783], [153.0123997, -27.498873]]}",latlng_or_poiid_hc_false
2530968,153.0121116,-27.4988781,153.0121609,-27.4988962,5.3,6.0,1000004,PEDESTRIAN,FOOT,6.731,[],,mazemap,"{""type"": ""LineString"", ""coordinates"": [[153.0121116, -27.4988781], [153.0121609, -27.4988962]]}",latlng_or_poiid_hc_false
2530971,153.0120576,-27.498747,153.0120553,-27.498752,0.6,6.0,1000004,PEDESTRIAN,FOOT,0.762,[],,mazemap,"{""type"": ""LineString"", ""coordinates"": [[153.0120576, -27.498747], [153.0120553, -27.498752]]}",latlng_or_poiid_hc_false
2530972,153.0119048,-27.4986873,153.0119254,-27.4986922,2.1,6.0,1000004,PEDESTRIAN,FOOT,2.6670000000000003,[],,mazemap,"{""type"": ""LineString"", ""coordinates"": [[153.0119048, -27.4986873], [153.0119254, -27.4986922]]}",latlng_or_poiid_hc_false
3724022,153.0123997,-27.498873,153.012412,-27.4988783,1.3,6.0,1000004,PEDESTRIAN,FOOT,1.651,[],,mazemap,"{""type"": ""LineString"", ""coordinates"": [[153.0123997, -27.498873], [153.012412, -27.4988783]]}",latlng_or_poiid_hc_false
5071794,153.0119254,-27.4986922,153.0119537,-27.4987018,3.0,6.0,1000004,PEDESTRIAN,FOOT,3.81,[],,mazemap,"{""type"": ""LineString"", ""coordinates"": [[153.0119254, -27.4986922], [153.0119537, -27.4987018]]}",latlng_or_poiid_hc_false
5071795,153.0119412,-27.4986606,153.0119254,-27.4986922,3.8,6.0,1000004,PEDESTRIAN,FOOT,4.826,[],,mazemap,"{""type"": ""LineString"", ""coordinates"": [[153.0119412, -27.4986606], [153.0119254, -27.4986922]]}",latlng_or_poiid_hc_false
5071796,153.0119537,-27.4987018,153.0119798,-27.4987107,2.8,6.0,1000004,PEDESTRIAN,FOOT,3.5559999999999996,[],,mazemap,"{""type"": ""LineString"", ""coordinates"": [[153.0119537, -27.4987018], [153.0119798, -27.4987107]]}",latlng_or_poiid_hc_false
5071797,153.0119798,-27.4987107,153.0119949,-27.4987188,1.7,6.0,1000004,PEDESTRIAN,FOOT,2.159,[],,mazemap,"{""type"": ""LineString"", ""coordinates"": [[153.0119798, -27.4987107], [153.0119949, -27.4987188]]}",latlng_or_poiid_hc_false
5071798,153.0119923,-27.4986827,153.0119798,-27.4987107,3.3,6.0,1000004,PEDESTRIAN,FOOT,4.191,[],,mazemap,"{""type"": ""LineString"", ""coordinates"": [[153.0119923, -27.4986827], [153.0119798, -27.4987107]]}",latlng_or_poiid_hc_false
5071799,153.0119949,-27.4987188,153.0120306,-27.4987333,3.9,6.0,1000004,PEDESTRIAN,FOOT,4.953,[],,mazemap,"{""type"": ""LineString"", ""coordinates"": [[153.0119949, -27.4987188], [153.0120306, -27.4987333]]}",latlng_or_poiid_hc_false
5071800,153.0121254,-27.4987809,153.0121443,-27.4987889,2.1,6.0,1000004,PEDESTRIAN,FOOT,2.6670000000000003,[],,mazemap,"{""type"": ""LineString"", ""coordinates"": [[153.0121254, -27.4987809], [153.0121443, -27.4987889]]}",latlng_or_poiid_hc_false
5071801,153.0121443,-27.4987889,153.0121326,-27.4988138,3.0,6.0,1000004,PEDESTRIAN,FOOT,3.81,[],,mazemap,"{""type"": ""LineString"", ""coordinates"": [[153.0121443, -27.4987889], [153.0121326, -27.4988138]]}",latlng_or_poiid_hc_false
5071802,153.0121995,-27.4988406,153.012215,-27.4988085,3.9,6.0,1000004,PEDESTRIAN,FOOT,4.953,[],,mazemap,"{""type"": ""LineString"", ""coordinates"": [[153.0121995, -27.4988406], [153.012215, -27.4988085]]}",latlng_or_poiid_hc_false
5071803,153.012215,-27.4988085,153.0121995,-27.4988406,3.9,6.0,1000004,PEDESTRIAN,FOOT,4.953,[],,mazemap,"{""type"": ""LineString"", ""coordinates"": [[153.012215, -27.4988085], [153.0121995, -27.4988406]]}",latlng_or_poiid_hc_false
5071804,153.0121744,-27.498798,153.012215,-27.4988085,4.2,6.0,1000004,PEDESTRIAN,FOOT,5.3340000000000005,[],,mazemap,"{""type"": ""LineString"", ""coordinates"": [[153.0121744, -27.498798], [153.012215, -27.4988085]]}",latlng_or_poiid_hc_false
5071805,153.0122346,-27.4988088,153.0122584,-27.498815,2.4,6.0,1000004,PEDESTRIAN,FOOT,3.048,[],,mazemap,"{""type"": ""LineString"", ""coordinates"": [[153.0122346, -27.4988088], [153.0122584, -27.498815]]}",latlng_or_poiid_hc_false
